y_test,y_prob,y_pred
0,9.846243951982566e-50,0
0,1.1377159525914054e-36,0
0,7.0770584602920115e-28,0
0,1.4985195391495289e-55,0
0,5.233799880469231e-46,0
0,5.4317617611672316e-36,0
0,2.2019629013100684e-36,0
0,3.1063901951740417e-25,0
0,5.28750116762661e-43,0
0,6.961934038160037e-22,0
0,5.901893076026979e-58,0
0,9.695576357636219e-46,0
0,1.1222493921200576e-16,0
0,3.573899391053003e-37,0
0,7.346146360851231e-59,0
0,6.457277904121277e-34,0
0,3.170265884201991e-30,0
0,1.0895635747916757e-07,0
0,3.2214212924584424e-41,0
0,9.343976587261012e-26,0
0,3.8308092263275188e-34,0
0,9.218421855823849e-33,0
0,6.239751452960014e-37,0
0,2.3686532745385364e-56,0
0,5.616925517390391e-44,0
0,4.8709188478033225e-28,0
0,4.990112038944226e-31,0
0,7.475502488353962e-19,0
0,1.604361213018652e-48,0
0,3.650226627430576e-35,0
0,6.452043926324051e-37,0
0,9.71241116204987e-43,0
0,1.7381707140784687e-35,0
0,6.1905221942967675e-27,0
0,1.8440556102156824e-26,0
0,3.9418148643214335e-33,0
0,2.1173531610053403e-38,0
0,2.1096194777663283e-34,0
0,9.32860616768171e-42,0
0,3.8609197192904137e-42,0
0,5.056246422433704e-25,0
0,1.257306345706208e-36,0
0,5.332058652682748e-30,0
0,5.284293746728573e-46,0
0,4.750276182274968e-18,0
0,8.495025686898639e-45,0
0,1.8200369336359942e-51,0
0,5.347136659751182e-24,0
0,4.1817699308204464e-19,0
0,2.322822556513657e-23,0
0,1.3701044135117943e-44,0
0,3.882064433877995e-39,0
0,3.451187319156251e-38,0
0,6.049746209042058e-28,0
0,4.703305563287159e-49,0
0,6.45253913508404e-10,0
0,6.55781849299813e-40,0
0,2.5202143709326143e-43,0
0,5.871073344134561e-33,0
0,4.824350027061011e-31,0
0,8.930080398737054e-26,0
0,2.0894985904980384e-33,0
0,1.6891079793174349e-43,0
0,3.586984062071016e-42,0
0,1.4491302248765024e-53,0
0,6.4119038203354e-49,0
0,2.3853673320305826e-51,0
0,1.3942054458093625e-31,0
0,9.978880957573262e-14,0
0,4.8545894330632323e-39,0
0,3.795797491647836e-46,0
0,5.930203648278398e-33,0
0,4.146694726280541e-39,0
0,5.49932273372425e-52,0
0,3.227843810933222e-36,0
0,6.853143760291815e-57,0
0,3.2733428441694027e-44,0
0,1.0500471149325963e-22,0
0,1.0031380185492705e-36,0
0,1.1528411937370745e-42,0
0,2.453875299123944e-34,0
0,7.243700846012981e-40,0
0,9.970021955725495e-49,0
0,2.1194369691660157e-42,0
0,8.919420573571196e-43,0
0,7.345980758862689e-28,0
0,4.434306628782967e-44,0
0,9.85593583674864e-52,0
0,2.360453193706878e-43,0
0,3.9362633853616376e-40,0
0,5.489834017016443e-29,0
0,1.881210573685241e-40,0
0,5.830681665669243e-16,0
0,1.5193385470416977e-46,0
0,8.154712174970162e-53,0
0,4.608021324646313e-42,0
0,7.160263889191155e-58,0
0,3.797506961053254e-43,0
0,1.37653386794247e-50,0
0,3.163179185842962e-52,0
0,9.05261561287194e-40,0
0,2.412121217414158e-37,0
0,5.012175193543122e-59,0
0,3.38912108839889e-33,0
0,6.406493014589323e-35,0
0,4.137921209458337e-58,0
0,9.56102650093781e-33,0
0,5.309377324472645e-47,0
0,7.354330635694472e-42,0
0,1.948411700244922e-40,0
0,1.4782664894360415e-47,0
0,2.941677234309989e-20,0
0,1.1752106554514836e-22,0
0,1.3921676537965737e-31,0
0,4.000319952636066e-29,0
0,5.647162075607219e-35,0
0,1.0755546609296512e-12,0
0,1.4154175101488278e-33,0
0,2.007858135942201e-47,0
0,8.471513807439654e-48,0
0,4.748361468047306e-44,0
0,1.7698314885806485e-47,0
0,1.8097062932183845e-28,0
0,6.477437723730353e-29,0
0,5.119837014856195e-54,0
0,1.6249554641913864e-53,0
0,3.5350442597737924e-30,0
0,1.539600117349549e-18,0
0,1.9656961118370795e-48,0
0,6.773008989463075e-47,0
0,3.912071060108611e-40,0
0,4.072867733908427e-60,0
0,4.29222212499657e-41,0
0,5.705591575820812e-28,0
0,9.087038663291214e-40,0
0,1.7392026005939646e-41,0
0,2.7345848537712755e-39,0
0,1.7149927504644913e-23,0
0,1.3154874261923585e-33,0
0,6.806410242181819e-47,0
0,1.9193798645766225e-20,0
0,1.9722071979157683e-16,0
0,2.4501758148991872e-29,0
0,3.845383039970051e-32,0
0,1.4967544094783803e-44,0
0,2.1690836167921405e-30,0
0,3.594663351481191e-39,0
0,4.383841614139645e-33,0
0,1.1094446052773493e-39,0
0,1.1421243406203646e-44,0
0,2.848137062439903e-34,0
0,5.919163243137719e-45,0
0,1.0812492994086954e-39,0
0,6.03333371841138e-27,0
0,1.3878007547474963e-31,0
0,4.0873588832511677e-41,0
0,4.1491487622072115e-34,0
0,9.240357600555164e-48,0
0,5.742881672582185e-38,0
0,2.5141383745692855e-28,0
0,5.440753267889746e-19,0
0,5.3796128797971715e-50,0
0,8.160404666249336e-41,0
0,3.095041873549623e-28,0
0,8.219433832398139e-27,0
0,1.6499050962637192e-38,0
0,8.195630574591755e-27,0
0,2.8565137651625836e-58,0
0,1.7263010003022566e-21,0
0,2.7998445160731925e-46,0
0,4.677494024809906e-24,0
0,8.023744003437362e-24,0
0,4.3601917320006726e-36,0
0,1.9500973676619414e-50,0
0,4.2224385998466743e-44,0
0,4.971130558918856e-44,0
0,9.840863082095643e-43,0
0,2.4014826918563077e-39,0
0,1.6299099495970904e-41,0
0,3.0283775141583388e-31,0
0,2.714291505515738e-25,0
0,6.309260105475638e-45,0
0,1.4770590317020396e-28,0
0,1.3524975290204028e-50,0
0,1.869324214048376e-32,0
0,1.4661769386743515e-36,0
0,2.4575843317160228e-37,0
0,2.715786203484311e-60,0
0,6.9772120200986685e-19,0
0,1.2713948226153877e-07,0
0,2.9673367838279e-53,0
0,1.3638800176669681e-48,0
0,3.222457238039917e-33,0
0,1.3912965552942149e-41,0
0,3.2036872840105035e-27,0
0,1.060125285276058e-37,0
0,7.999622955024149e-21,0
0,1.434735037084138e-38,0
0,6.977741641451257e-40,0
0,5.77459495791243e-44,0
0,1.954611237159772e-38,0
0,3.386733134530143e-36,0
0,1.139050895707174e-45,0
0,8.316331841196508e-25,0
0,8.399255179167229e-63,0
1,0.997054191546429,1
0,1.6701054098622236e-34,0
0,4.4124552095273505e-34,0
0,3.898530213862801e-26,0
0,4.2619807289077605e-44,0
0,3.408950268760087e-52,0
0,8.468580823828374e-24,0
0,3.160110870117299e-35,0
0,7.187013650480005e-24,0
0,5.633199877966121e-14,0
0,3.936611615445115e-53,0
0,4.0981433677516687e-44,0
0,4.641715192367374e-54,0
0,3.9731640494088366e-58,0
0,3.526359223528136e-39,0
0,1.2863409100538332e-40,0
0,2.5555209462843374e-50,0
0,8.695829089934645e-17,0
0,1.2655906831745353e-38,0
0,9.096016054567717e-34,0
0,6.131002414349075e-21,0
0,0.8792755389681673,1
0,3.201613914335459e-30,0
0,1.1141050374687394e-37,0
0,2.7347148019551917e-19,0
0,1.3459630489209305e-18,0
0,2.422112546787054e-39,0
0,1.0740764163218562e-36,0
0,5.0348842593390296e-45,0
0,3.952465251317941e-37,0
0,3.4234135969751426e-12,0
0,1.8032995918619515e-48,0
0,2.0650109184448915e-44,0
0,1.848961120002806e-35,0
0,5.904232541389047e-36,0
0,6.753179112791454e-41,0
0,1.4501527532671692e-38,0
0,1.134705200287728e-47,0
0,1.444898577272313e-45,0
0,5.960801395538572e-18,0
0,1.7079749203176337e-31,0
0,3.368041603943462e-45,0
0,1.5165123826794765e-40,0
0,5.337520924443139e-11,0
0,1.8276456735883478e-47,0
0,2.9685785550330734e-56,0
0,5.605731299700382e-28,0
0,1.1288360970730744e-46,0
0,9.179257271860742e-31,0
0,0.0036319518003293675,0
0,8.113978454582784e-43,0
0,3.7132009942248315e-55,0
0,2.0838712213087683e-44,0
0,1.912022807635005e-32,0
0,0.00176717965768363,0
0,4.987720918498028e-49,0
0,3.289388031595222e-41,0
0,1.042830363614209e-62,0
0,1.549093048086199e-14,0
0,1.990869380293218e-59,0
0,4.1163490292367783e-29,0
0,2.6561787625360843e-63,0
0,4.107388287261583e-45,0
0,1.7914069971430767e-41,0
0,0.02633571570576715,0
0,1.2751458142197544e-53,0
0,3.900934495213097e-12,0
0,2.626387611761136e-33,0
0,1.4444233838294153e-20,0
0,6.916448264063645e-45,0
0,2.1409134442169178e-08,0
0,4.608411886657715e-40,0
0,4.778412862404955e-29,0
0,4.110050633854469e-38,0
0,1.1549105687743466e-61,0
0,5.461988899555282e-44,0
0,1.1582358111579604e-37,0
0,8.402208830934068e-39,0
0,1.7515016221194392e-19,0
0,8.941985581963217e-32,0
0,4.5999720552801045e-45,0
0,1.071063619691464e-57,0
0,8.428071150319934e-46,0
0,7.633103096996803e-34,0
0,8.132936205921704e-39,0
0,3.221611143476199e-40,0
0,3.0694580996382886e-41,0
0,7.107621129830464e-50,0
0,9.803242488473562e-46,0
0,1.360956889111351e-43,0
0,1.2747574633279883e-54,0
0,8.038340542792236e-40,0
0,7.610070721109963e-40,0
0,5.945767223857871e-43,0
0,6.4417037750381056e-43,0
0,7.027400856348298e-45,0
0,1.6006932745362514e-53,0
0,5.254717595972543e-40,0
0,3.947910414049932e-39,0
0,4.0131621200630134e-16,0
0,9.09543327760113e-22,0
0,2.7461831442115486e-48,0
0,8.555836104747507e-36,0
0,8.267912405276992e-17,0
0,6.409223857786179e-29,0
0,1.0403477029931858e-35,0
0,4.499290806248417e-48,0
0,4.15740139353647e-38,0
0,6.163960857392596e-40,0
0,6.265397429982924e-41,0
0,1.2634604766681148e-43,0
0,1.6448382710588072e-57,0
0,5.298359467234001e-50,0
0,1.052921184123099e-34,0
0,1.5122521670486463e-36,0
0,6.818404347092545e-22,0
0,1.4858755789626967e-36,0
0,4.141572396125168e-47,0
0,3.3433655286525374e-57,0
0,4.036254902144708e-18,0
0,1.362017944012814e-39,0
0,7.1703966154372945e-59,0
0,2.984544257562719e-47,0
0,5.118836850474522e-40,0
0,2.3967052109027213e-41,0
0,1.039169789634505e-06,0
0,1.76759197119822e-49,0
0,7.252317713670061e-28,0
0,2.3580148152019924e-29,0
0,2.4950907804810715e-31,0
0,6.368710579441525e-25,0
0,4.129532423189152e-35,0
0,1.392640710150207e-44,0
0,0.4265510896666265,1
0,5.022099833888342e-27,0
0,2.2457214698194616e-30,0
0,2.571747067579513e-42,0
0,2.53477648850958e-29,0
0,4.3535335225645114e-38,0
0,1.7853693324580664e-57,0
0,1.8815649538207464e-46,0
0,1.3416824083846716e-40,0
0,2.318373013842206e-36,0
0,2.5412071446608272e-39,0
0,1.5057763723295246e-34,0
0,5.7035042357304255e-33,0
0,6.662030580080166e-39,0
0,2.9759187452512927e-32,0
0,4.685868115519519e-31,0
0,9.938729890577043e-27,0
0,3.522911719557914e-52,0
0,1.2578373366612272e-29,0
0,2.1893618324632783e-31,0
0,4.996360684861516e-26,0
0,6.594110607556399e-63,0
0,2.063035718975057e-34,0
0,1.7098099577905606e-54,0
0,1.6460834210878642e-31,0
0,4.06304908160608e-28,0
0,6.0126294674096194e-58,0
0,5.121442522868897e-47,0
0,1.5950063112251677e-37,0
0,0.00027042801680867844,0
0,2.7681916287219734e-23,0
0,4.939291895826149e-43,0
0,5.880576740072926e-37,0
0,5.565376967720714e-49,0
0,2.512073877513932e-44,0
0,5.274067218397562e-39,0
0,1.2959998203146066e-43,0
0,1.1575855311802591e-52,0
0,6.625648327698906e-25,0
0,1.6916694206665965e-35,0
0,1.6630195949504494e-23,0
0,2.4647712665977633e-29,0
0,3.5341710654118873e-54,0
0,1.595529435165847e-53,0
0,8.714973391023106e-57,0
0,2.4424505796794996e-31,0
0,3.765939105882046e-35,0
0,1.897575257474934e-39,0
0,1.1782816465739993e-45,0
0,1.8147651402479685e-54,0
0,5.77579769207965e-33,0
0,2.0559108000930862e-29,0
0,2.054354627743434e-27,0
0,1.6895480089675549e-43,0
0,2.5695602448410105e-49,0
0,1.2610274806641094e-43,0
0,9.10484146309526e-45,0
0,1.3709658284297594e-56,0
0,1.8486891029609084e-48,0
0,3.852134734301969e-36,0
0,6.2453238511073815e-37,0
0,1.3963004069109552e-15,0
0,1.4577471970095953e-21,0
0,5.840052534076731e-36,0
0,1.239892348696578e-58,0
0,4.308111832316518e-28,0
0,5.637653745015479e-40,0
0,3.212580042502881e-31,0
0,1.6064106055975625e-29,0
0,9.142715990188989e-18,0
0,0.8190158936153865,1
0,7.139458011425842e-20,0
0,5.929144367814787e-59,0
0,1.8904054757446705e-37,0
0,1.5059885180397528e-12,0
0,3.060999911366179e-40,0
0,2.499463625566211e-39,0
0,9.400441433391895e-53,0
0,3.4040730115402784e-46,0
0,3.332618155771458e-49,0
0,1.8470279251399987e-47,0
0,9.621791133451061e-32,0
0,7.603369454857232e-33,0
0,7.655282774254397e-37,0
0,8.083388029332878e-63,0
0,4.912413993813807e-39,0
0,1.872545861360522e-34,0
0,2.849519826215053e-20,0
0,1.0388122258165071e-36,0
0,2.4076148451165408e-48,0
0,4.932352320241398e-41,0
0,1.2417051245823558e-27,0
0,3.7643343605123946e-51,0
0,1.3200209234816633e-09,0
0,3.891546614233897e-44,0
0,3.566712441519326e-42,0
0,7.9839333847079e-26,0
0,8.939129120152898e-52,0
0,1.6144181108894043e-41,0
0,1.0077855452740878e-26,0
0,1.7937945312081484e-16,0
0,2.2663256795446587e-37,0
0,2.567073628169546e-18,0
0,2.532039381579656e-35,0
0,4.941363490369137e-28,0
0,5.706548216351321e-18,0
0,3.2698640708309534e-24,0
0,2.665117222748349e-30,0
0,1.3890813230644811e-60,0
0,1.8624761812363102e-54,0
0,1.341226180205724e-35,0
0,2.8273604929086017e-40,0
0,1.3343399979934117e-36,0
0,2.6704240519237998e-33,0
0,7.892559821282551e-34,0
0,5.254271596469886e-43,0
0,3.4120668127944514e-45,0
0,1.0764382469479189e-49,0
0,1.1952363948091578e-44,0
0,8.599054038625972e-20,0
0,3.1830017128163355e-37,0
0,3.3395592539456545e-39,0
0,1.8294626486312667e-44,0
0,7.104846713801921e-41,0
0,9.797599124503394e-30,0
0,1.8440741338533378e-25,0
0,4.4409535892893687e-29,0
0,7.326734996388567e-39,0
0,4.1966941032438833e-32,0
0,3.0642990294342833e-15,0
0,6.924523110145679e-44,0
0,6.737122709817686e-38,0
0,2.394642133295478e-55,0
0,6.4414397838546285e-50,0
0,1.2549313437693592e-35,0
0,8.025689111743288e-39,0
0,5.0043286857455386e-42,0
0,6.124783783695944e-42,0
0,9.036641153442684e-63,0
0,2.5341336103679434e-43,0
0,9.878287546742186e-47,0
0,3.918420318049017e-33,0
0,2.321179326201825e-41,0
0,4.941811869944414e-46,0
0,6.612146168355881e-39,0
0,6.905801974065669e-53,0
0,5.774264853738721e-54,0
0,1.2448736383124627e-54,0
0,1.9448803048424592e-50,0
0,1.5835724592357304e-36,0
0,3.361255917566981e-55,0
0,3.903665019224497e-51,0
0,4.271251849654977e-40,0
0,2.4528515118341863e-16,0
0,2.8722729317122944e-62,0
0,1.312527940823726e-29,0
0,2.4714483231283397e-39,0
0,4.221093851308777e-32,0
0,6.22498135917195e-46,0
0,9.339250281224683e-64,0
0,2.2145611927718393e-33,0
0,1.7760282022669754e-62,0
0,4.482438609486391e-34,0
0,1.2922700072011272e-48,0
0,6.679903027915887e-16,0
0,3.596952657672749e-48,0
0,4.734506652962952e-49,0
0,2.659428549984533e-37,0
0,2.028031554639202e-30,0
0,6.817990833651298e-48,0
0,7.176568657228678e-20,0
0,1.3439495965990054e-40,0
0,1.9097207713886206e-25,0
0,2.9426085057322975e-42,0
0,5.970846214766911e-39,0
0,2.550447524508663e-44,0
0,1.620496882167732e-38,0
0,1.1589781082682932e-22,0
0,2.5723944150967056e-36,0
0,2.9109921895687665e-50,0
0,1.066961515703078e-36,0
0,5.11922899305169e-42,0
0,1.0495726138486869e-40,0
0,2.4814636518782706e-22,0
0,1.1809692907262695e-25,0
0,4.720457742339108e-41,0
0,5.038474513769354e-14,0
0,1.3764278802199642e-17,0
0,1.5023431833976873e-35,0
0,8.693257715207872e-32,0
0,6.884623201572868e-30,0
0,1.0860640194526674e-33,0
0,1.0540931912894914e-25,0
0,3.992918322524114e-20,0
0,3.457774237845045e-43,0
0,7.795921087705792e-54,0
0,2.2366954816211852e-38,0
0,1.2754685152873594e-53,0
0,1.0989189978883676e-33,0
0,9.422034398464832e-36,0
0,2.3839695635800444e-44,0
0,1.408274377743844e-41,0
0,1.2486130815672563e-30,0
0,2.0431314444023653e-39,0
0,3.4075181419470864e-38,0
0,1.2556232127807336e-48,0
0,6.443930863206135e-30,0
0,2.012631934662253e-19,0
0,8.633596944949007e-18,0
0,1.2523375395510451e-12,0
0,1.0718560506548003e-31,0
0,1.2264185215186563e-32,0
0,1.4334806274742772e-33,0
0,2.0267285923518264e-40,0
0,5.792948977333095e-28,0
0,3.726980314114058e-52,0
0,1.426473952267945e-26,0
0,7.948807439773476e-34,0
0,1.62464766841125e-20,0
0,2.1231236128870567e-40,0
0,2.4557450739314467e-23,0
0,1.679376347282259e-34,0
0,1.0284955744177545e-50,0
0,1.874040597966552e-33,0
0,1.115622861242805e-24,0
0,2.38591538867073e-08,0
0,2.5495060172990028e-58,0
0,4.391432675242951e-28,0
0,9.86916454935763e-48,0
0,7.685211335355367e-33,0
0,4.068624742042519e-43,0
0,5.340514857793889e-50,0
0,7.472090714502947e-19,0
0,1.339554266138528e-25,0
0,7.794566434575796e-36,0
0,1.8653480062751168e-40,0
0,1.5709469673742042e-36,0
0,2.295202425998929e-12,0
0,6.064044301646289e-34,0
0,3.253707291306771e-30,0
0,6.2269382804221944e-40,0
0,1.0842043430327292e-39,0
0,4.926868467445039e-46,0
0,8.135032346964488e-14,0
0,3.742971022030438e-39,0
0,6.594744042726167e-50,0
0,2.503849462095623e-39,0
0,1.2646309489631544e-41,0
0,5.148755572721117e-41,0
0,2.9482130634233793e-36,0
0,3.2366055700303675e-46,0
0,2.6807982646540306e-45,0
0,1.2171536426353328e-28,0
0,5.8598333494877516e-40,0
0,2.5154945970035456e-45,0
0,3.929920533615451e-26,0
0,1.9805459035377322e-48,0
0,1.384889988692513e-25,0
0,3.970253302042211e-41,0
0,5.0743348329312234e-49,0
0,4.466375296524246e-33,0
0,3.439361107734147e-53,0
0,3.1130403958560986e-47,0
0,5.651065346345575e-35,0
0,9.886545330865162e-47,0
0,3.097025275562212e-29,0
0,1.7101049570224555e-41,0
0,6.637398097902861e-43,0
0,9.3278731023697e-12,0
0,1.5916818794868705e-45,0
0,1.1546224010450994e-51,0
0,1.2156948349261487e-36,0
0,2.8112310499996567e-42,0
0,6.402648560815632e-31,0
0,1.0301156302714354e-27,0
0,2.1700431315008691e-41,0
0,1.559432631723776e-48,0
0,2.8010823400286107e-31,0
0,9.19827577016269e-31,0
0,2.2887990517547803e-46,0
0,2.0777346521310707e-48,0
0,3.2005493502369988e-27,0
0,7.017429684099901e-44,0
0,1.4979045564580679e-28,0
0,3.0530833913068386e-23,0
0,1.6205740895723622e-43,0
0,4.621125464707711e-54,0
0,2.0414309758740835e-53,0
0,5.671281163431804e-27,0
0,1.1333179981205006e-51,0
0,2.914592838354981e-45,0
0,1.172453094416141e-54,0
0,3.597323763467187e-24,0
0,1.1422236160763787e-41,0
0,1.9164001319068244e-37,0
0,6.393073652115518e-30,0
0,2.3629172032743155e-29,0
0,1.6848321718509465e-37,0
0,1.082504240521461e-46,0
0,3.10489305527085e-38,0
0,1.0310346079183406e-38,0
0,6.572901308917351e-49,0
0,1.0172700821835487e-40,0
0,1.6754000470440534e-35,0
0,8.298251707540026e-39,0
0,3.060292842949097e-23,0
0,1.186483822114659e-50,0
0,3.640433932174196e-40,0
0,1.367017125853608e-16,0
0,2.7050682268263305e-47,0
0,2.4940581933457146e-33,0
0,9.242725225648469e-19,0
0,2.9487456299163037e-34,0
0,1.1493661108232238e-54,0
0,2.3572295129939667e-30,0
0,2.3048716628436146e-33,0
0,1.2909144333691876e-28,0
0,7.278700330806259e-62,0
0,2.0554808929131205e-31,0
0,9.7549087762009e-47,0
0,3.706645839653845e-50,0
0,2.8982531289551085e-14,0
0,6.070019880729381e-37,0
0,1.400213632158707e-41,0
0,3.836174644975856e-40,0
0,5.9575044454152706e-43,0
0,1.3117613452265516e-48,0
0,7.949108997746553e-39,0
0,2.158360986220399e-56,0
0,4.877332588278729e-39,0
0,7.831149589265607e-39,0
0,5.028059752153122e-52,0
0,8.906224311610364e-41,0
0,3.85676192694477e-57,0
0,9.430493892923817e-30,0
0,1.3318544143078562e-34,0
0,1.2009939386084498e-21,0
0,1.6216619187595628e-40,0
0,1.7592211136079093e-51,0
0,4.71912576286028e-31,0
0,4.970641682557974e-60,0
0,1.9036543328011597e-49,0
0,4.001199557556742e-38,0
0,6.202156650129134e-47,0
0,6.426456947165451e-38,0
0,1.0862482134917269e-36,0
0,2.424220256755571e-47,0
0,7.984277813166029e-40,0
0,1.3000501445090152e-48,0
0,2.7215884627292844e-37,0
0,6.547423379623488e-26,0
0,1.2974732101659346e-26,0
0,1.8451550342187474e-22,0
0,3.005270464904307e-42,0
0,5.770648340860529e-35,0
0,1.2417425531760377e-31,0
0,9.624148398156531e-53,0
0,6.0856536784700644e-40,0
0,2.3016760639334348e-35,0
0,3.9294236939774745e-38,0
0,2.2172433252767756e-48,0
0,4.709957303742161e-36,0
0,9.767435342677023e-33,0
0,5.384556397315821e-37,0
0,6.320134771675891e-39,0
0,2.861787734793462e-40,0
0,1.2771185159180334e-48,0
0,1.3567774750920822e-38,0
0,3.735328015405444e-18,0
0,2.6881512503583083e-41,0
0,5.03731378563097e-27,0
0,3.0982868533707975e-55,0
0,9.804825521039991e-45,0
0,1.429384030911646e-10,0
0,5.601871089730118e-26,0
0,1.4391169166661557e-48,0
0,2.8558978884905147e-40,0
0,5.476163528357498e-36,0
0,9.205892600077326e-36,0
0,3.352783861664261e-36,0
0,1.1328013809357958e-57,0
0,0.9420316326969479,1
0,1.4239039551333887e-46,0
0,2.5657011964480286e-28,0
0,3.471083563991392e-39,0
0,1.1181757266005886e-39,0
0,5.152263977142801e-44,0
0,1.5636995995675147e-37,0
0,2.11977498472703e-40,0
0,4.7961510843400146e-58,0
1,1.0,1
0,1.3645094589380392e-51,0
0,1.8205088295443133e-26,0
0,9.472293011194641e-63,0
0,6.964543032280174e-34,0
0,3.78794053603609e-45,0
0,8.246129049326903e-40,0
0,4.3741915658413895e-49,0
0,6.171614570906859e-39,0
0,3.394890008876993e-44,0
0,1.1556373294092402e-58,0
0,5.854426065784051e-50,0
0,4.286826492386837e-30,0
0,4.072471042726805e-46,0
0,1.1258792714658983e-61,0
0,6.196075962251442e-36,0
0,0.0023586358325019497,0
0,2.7156428944240747e-29,0
0,2.939895731330756e-54,0
0,1.159724517953519e-39,0
0,1.472453505571091e-37,0
0,3.0261759115458398e-33,0
0,2.2876761306432857e-15,0
0,4.0769835664625375e-36,0
0,1.2048728137298874e-38,0
0,1.809635116597081e-15,0
0,4.029330247323679e-15,0
0,1.1676971744475247e-48,0
0,1.5659995468090772e-59,0
0,9.754728468075368e-43,0
0,8.599414793944212e-46,0
0,1.6498210370843564e-48,0
0,1.261695516284991e-48,0
0,9.402898436389906e-34,0
0,1.2034101888765446e-39,0
0,1.6825365495402244e-35,0
0,6.240132794932913e-34,0
0,1.0741710579867792e-44,0
0,7.82138195646523e-41,0
0,5.927579152845966e-50,0
0,9.518087155245606e-47,0
0,4.38940339500525e-33,0
0,3.6477582978488336e-44,0
0,1.8505386292650942e-43,0
0,2.8957978250097156e-34,0
0,2.0622030901278236e-54,0
0,1.4755336685188226e-45,0
0,9.3789324511876e-16,0
0,1.1071926233897906e-43,0
0,7.747855660829061e-38,0
0,5.875107526395865e-15,0
0,1.4377118587285433e-31,0
0,2.2382859278105557e-13,0
0,0.14598828825927157,0
0,5.575234313927692e-29,0
0,2.0259476221303698e-25,0
0,1.5779617211551888e-38,0
0,1.3488004757755758e-20,0
0,9.079966843336757e-38,0
0,1.4885232432822458e-50,0
0,2.572282738866002e-37,0
0,7.088079528466639e-54,0
0,7.539621639550064e-15,0
0,4.1308178146161496e-35,0
0,6.8666992271587226e-18,0
0,3.613389239034782e-58,0
0,3.7964196526590533e-41,0
0,1.88629958297708e-25,0
0,3.5644761614925855e-53,0
0,4.483600607019471e-60,0
0,1.668540705999896e-45,0
0,3.003611552041921e-47,0
0,1.3897016642606174e-45,0
0,2.220818829479763e-34,0
0,2.717283756612363e-41,0
0,8.160884792468618e-44,0
0,1.010780056719463e-29,0
0,1.4250491275929675e-45,0
0,1.2448089082492853e-42,0
0,1.834421821745098e-41,0
0,6.562892398712958e-26,0
0,1.8265245441163857e-36,0
0,1.966480429459865e-61,0
0,1.1119791312523997e-15,0
0,6.571583051612076e-34,0
0,1.428822144601461e-41,0
0,4.1633697977206394e-61,0
0,3.89758846663666e-24,0
0,1.5494634909444038e-57,0
0,3.377469003351808e-51,0
0,9.595959922967831e-18,0
0,1.1368003004455234e-37,0
0,1.969469986436453e-33,0
0,1.0905010916296093e-53,0
0,7.195079478747507e-41,0
0,1.2112990661651921e-40,0
0,2.6752143235735276e-31,0
0,1.1606054214369299e-43,0
0,4.770131622782342e-56,0
0,4.24126103515133e-38,0
0,3.937260201363992e-18,0
0,3.765918550550897e-50,0
0,2.616261840152719e-38,0
0,5.3638289977829316e-45,0
0,2.2697478810898002e-23,0
0,1.3338166014096071e-38,0
0,3.5904476611309957e-50,0
0,1.15224603912047e-44,0
0,8.703292684439235e-30,0
0,1.0037332043611455e-17,0
0,4.460033398103296e-48,0
0,9.515863385322177e-33,0
0,1.84038039114964e-48,0
0,2.9762544702946914e-62,0
0,1.3319833260361392e-39,0
0,4.593153333342209e-35,0
0,2.905124804014126e-09,0
0,1.609536229033334e-58,0
0,2.872610991628728e-46,0
0,3.3829609111934196e-33,0
0,5.417185629780652e-33,0
0,5.644894720916433e-29,0
0,3.4257234681242394e-38,0
0,3.255642941749453e-51,0
0,7.630196003318038e-31,0
0,1.4017738379759594e-41,0
0,4.773918193512857e-29,0
0,3.783865717229736e-52,0
0,1.1354206229894534e-33,0
0,1.0972092158973195e-52,0
0,1.3525340276553016e-41,0
0,3.7881005289227727e-22,0
0,2.5514418437735184e-33,0
0,5.317329128142746e-41,0
0,1.559769569780931e-46,0
0,2.9406757174528785e-20,0
0,5.052714241174029e-29,0
0,6.779974121645644e-37,0
0,7.509574852021831e-45,0
0,1.813618394794138e-33,0
0,1.6183329149990882e-45,0
0,8.293267142242718e-42,0
0,3.33686620234068e-10,0
0,3.373832370486603e-36,0
0,8.869139485656183e-35,0
0,1.9802596174011986e-35,0
0,1.4328984711777558e-33,0
0,1.8966393889001184e-18,0
0,6.604983574450279e-35,0
0,2.999164077791126e-33,0
0,1.4866314564604273e-07,0
0,1.3912332271596874e-46,0
0,2.9557630249194293e-35,0
0,2.3897115180786605e-55,0
0,9.759183188778886e-23,0
0,2.4350277935068316e-40,0
0,1.8882023307304197e-49,0
0,1.199942840926706e-36,0
0,7.636004004974165e-39,0
0,6.345326129001417e-29,0
0,1.5011119779527526e-19,0
0,2.4512989536142497e-28,0
0,2.3662036921986836e-42,0
0,9.234103220579964e-52,0
0,6.899809500479537e-19,0
0,2.7324282728541397e-34,0
0,8.492865811249412e-50,0
0,2.9466135464331014e-21,0
0,1.298259801451998e-20,0
0,1.5297342792731414e-39,0
0,1.7831743384981824e-43,0
0,4.667611477414023e-44,0
0,7.19820720250358e-45,0
0,3.0077777990447035e-25,0
0,4.9548824177523496e-40,0
0,2.475756784000071e-43,0
0,4.187796070446184e-31,0
0,9.675211646514678e-32,0
0,1.929265804717965e-53,0
0,1.2135772816136432e-48,0
0,1.63516791671551e-35,0
0,2.7833140760079926e-42,0
0,3.0192864943846357e-48,0
0,1.619950271595929e-49,0
0,2.1673381335073973e-31,0
0,5.084948249152588e-52,0
0,2.0733943952753011e-57,0
0,5.4718461811731815e-30,0
0,6.054372358529246e-22,0
0,5.884775249588241e-48,0
0,1.1500002450329383e-40,0
0,8.325244348101375e-29,0
0,2.4232915490071792e-49,0
0,7.713728971028339e-45,0
0,1.9016771191341384e-38,0
0,6.073971440355439e-47,0
0,3.102664843236143e-43,0
0,1.4471833554682073e-19,0
0,6.846725933312994e-56,0
0,2.593583386922344e-39,0
0,2.017579967755092e-11,0
0,2.2684419662699496e-30,0
0,1.406375445898974e-31,0
0,4.073952581738543e-27,0
0,5.0657887838142545e-43,0
0,3.1175667624219184e-50,0
0,4.5396692828428815e-54,0
0,6.261975235895237e-59,0
0,4.70219420203382e-49,0
0,3.84087284374547e-39,0
0,1.7703662302152498e-35,0
0,1.2599964109837242e-51,0
0,2.5126865134473063e-49,0
0,1.7277745861525944e-47,0
0,4.380244022261747e-42,0
0,5.756595697893488e-35,0
0,8.734128519052034e-49,0
0,7.036392762337308e-44,0
0,6.161287697535279e-26,0
0,1.4154900759221678e-43,0
0,6.444690081460922e-49,0
0,2.724650085206361e-41,0
0,7.299986180571823e-29,0
0,1.1191956601261935e-34,0
0,1.0903084326290683e-53,0
0,1.0309600042023044e-53,0
0,1.9250191936482036e-35,0
0,2.1768179049658945e-31,0
0,3.759106473500231e-30,0
0,1.5192376457692238e-42,0
0,2.0399974743419011e-29,0
0,2.012999164149105e-21,0
0,1.6648878309290348e-54,0
0,6.831042027836994e-58,0
0,1.1754915805818314e-56,0
0,2.1821254972456597e-19,0
0,2.4483193259370954e-51,0
0,7.7541234470195065e-53,0
0,1.2088620794961757e-15,0
0,1.4634235601788385e-10,0
0,2.5437950413831587e-48,0
0,5.113713141215562e-48,0
0,1.434103288694931e-49,0
0,1.933750866093319e-39,0
0,1.0210499640613584e-25,0
0,5.4370763141296e-48,0
0,3.0903223378352184e-21,0
0,1.1884487452456404e-36,0
0,2.1827857466465915e-44,0
0,1.881798430144541e-36,0
0,1.6269092765712962e-27,0
0,3.588692774037838e-27,0
0,1.72707282506959e-54,0
0,4.7197594855764636e-39,0
0,7.055813440036088e-54,0
0,2.0429463573172155e-50,0
0,4.773541211736284e-30,0
0,5.175869006520083e-45,0
0,5.758656869468582e-44,0
0,1.673776611825163e-39,0
0,2.654458629256786e-38,0
0,6.1102644931693874e-49,0
0,6.823224546670464e-34,0
0,3.5279368335418804e-53,0
0,9.84778872247e-35,0
0,5.763270020243632e-40,0
0,1.200080799204026e-52,0
0,7.190961387362301e-39,0
0,2.4807795895132536e-40,0
0,2.552516434517116e-35,0
0,1.481342265820444e-20,0
0,4.6049364518967106e-48,0
0,2.472219357945858e-42,0
0,6.051421093506402e-57,0
0,3.1584664478925468e-40,0
0,5.766774198495346e-47,0
0,5.715447979138806e-39,0
0,1.90807226375898e-43,0
0,8.076678605085598e-46,0
0,7.32830307246428e-27,0
0,1.9446949371905286e-20,0
0,3.106639957775502e-42,0
0,1.6441159707318769e-15,0
0,6.078711529136935e-48,0
0,3.300367411250067e-11,0
0,3.897256622590005e-09,0
0,1.0498872362910158e-50,0
0,6.276764204472725e-32,0
0,7.203320783764753e-40,0
0,1.945076218654334e-29,0
0,1.9294227680991336e-43,0
0,6.234506148077958e-47,0
0,4.107608453985763e-37,0
0,2.032027859584909e-41,0
0,5.479406149929981e-53,0
0,4.637141415986225e-48,0
0,1.3955463995151443e-47,0
0,3.2016162020783453e-60,0
0,7.287531852593316e-46,0
0,1.530910341622548e-37,0
0,2.971607364984142e-26,0
0,7.362631747499368e-25,0
0,5.3141769360889995e-34,0
0,2.124563355976207e-34,0
0,7.354919545757382e-48,0
0,3.6929562783187125e-30,0
0,3.3186193243677378e-52,0
0,7.482648096834372e-31,0
0,3.8460394595590855e-41,0
0,5.450266950553498e-35,0
0,1.5212685596320461e-35,0
0,1.8611579920858578e-37,0
0,4.5214386260645035e-29,0
0,1.639331382762207e-31,0
0,6.17395237204048e-37,0
0,5.791419461056456e-28,0
0,3.2472653239769273e-44,0
0,2.5838224785884196e-31,0
0,3.7159456584456952e-37,0
0,2.0599383976543336e-35,0
0,3.114470106158226e-42,0
0,4.118073272677627e-27,0
0,2.639894567807264e-50,0
0,4.230524074972143e-33,0
0,5.858681220235119e-20,0
0,4.062829886443986e-49,0
0,0.0003642138107532455,0
0,1.0656865962078637e-32,0
0,6.894381837607932e-57,0
0,6.446602052900561e-42,0
0,2.1449029724627984e-41,0
0,9.44652389556817e-22,0
0,1.431605195012077e-39,0
0,2.8180276236427873e-37,0
0,2.1169829171663086e-48,0
0,2.525888085007123e-28,0
0,2.62726009127233e-57,0
0,2.796279182923366e-33,0
0,5.397455165899794e-29,0
0,1.5069301475131552e-61,0
0,5.417270356441501e-42,0
0,6.728378153310492e-46,0
0,4.449404899032279e-37,0
0,6.445924646387448e-33,0
0,4.7784831471027665e-33,0
0,2.6818858159159832e-43,0
0,4.688816811676616e-37,0
0,1.315113943482056e-39,0
0,4.124062484850548e-57,0
0,8.617616926707358e-44,0
0,4.75801417898346e-13,0
0,8.603733679033026e-38,0
0,2.2477137772477483e-36,0
0,4.549146552484608e-23,0
0,9.7928312257344e-35,0
0,9.823270806049847e-41,0
0,6.156375735656871e-28,0
0,6.678635123404904e-37,0
0,1.6528385242922445e-27,0
0,6.54535374535074e-28,0
0,6.668824431191407e-50,0
0,4.299008142084423e-42,0
0,8.050998720776916e-50,0
0,4.069508808990595e-32,0
0,1.0953618563548792e-15,0
0,2.221711951533774e-45,0
0,9.349914150517358e-63,0
0,4.683550757107435e-59,0
0,1.810104444526287e-33,0
0,3.119035900413283e-25,0
0,8.1867269881439305e-22,0
0,2.12154971005015e-44,0
0,1.5183759156422703e-53,0
0,6.603446107882676e-44,0
0,1.165693557025173e-28,0
0,1.990459481355032e-41,0
0,1.841662453649943e-18,0
0,1.9930373981482811e-35,0
0,1.3652374025348085e-29,0
0,2.1943084290015044e-35,0
0,3.35496781258113e-12,0
0,7.504956207101101e-32,0
0,3.464513407012592e-49,0
0,2.3520863508225434e-44,0
0,1.1401291973299974e-27,0
0,3.2324662276731676e-45,0
0,1.1392078611206742e-34,0
0,1.1391004053623572e-33,0
0,8.822865182681069e-53,0
0,1.60870904980774e-47,0
0,1.1852704690425542e-38,0
0,3.4953874939508424e-39,0
0,2.6977570948884277e-49,0
0,1.4038235702815746e-53,0
0,1.9264042645641618e-39,0
0,1.793147823537639e-49,0
0,1.6278474577049753e-55,0
0,1.4942006809942466e-52,0
0,1.555606802955647e-56,0
0,8.857339343706103e-39,0
0,7.961366919947133e-49,0
0,2.7277926613182185e-47,0
0,9.750197313661136e-49,0
0,2.8303784451638094e-47,0
0,9.093086658550045e-51,0
0,1.0459533524401728e-13,0
0,5.1713282626622394e-39,0
0,2.6844689844526354e-29,0
0,1.153979428930505e-35,0
0,1.429067703363023e-38,0
0,5.347389772036457e-25,0
0,4.497216670995096e-05,0
0,2.1376552318126284e-52,0
0,7.706721993342356e-32,0
0,1.6531640618770233e-14,0
0,2.0994502146678167e-35,0
0,6.71119999612358e-52,0
0,9.897009519386587e-48,0
0,5.735120534487085e-27,0
0,1.6436863009691661e-32,0
0,5.904199374427303e-43,0
0,1.2051432422945081e-28,0
0,9.764197557346414e-28,0
0,1.1953319565218009e-56,0
0,1.3248259342871425e-53,0
0,6.182414016922562e-48,0
0,6.933332439633706e-43,0
0,1.4876310485900157e-49,0
0,2.5380564909577588e-45,0
0,1.5725570975114495e-45,0
0,7.301737223061294e-36,0
0,1.96587691635294e-42,0
0,1.1287350041125798e-33,0
0,6.457822546041068e-23,0
0,5.428538939361403e-43,0
0,9.372405981997623e-38,0
0,1.7900556948217735e-43,0
0,7.23748126263653e-38,0
0,1.034644568706159e-34,0
0,3.5659939524570167e-42,0
0,1.3838526497830908e-50,0
0,1.1281574817633146e-53,0
0,2.4893788638266043e-13,0
0,3.951728005098172e-11,0
0,1.4018571943395556e-20,0
0,1.1431900531922355e-51,0
0,2.6216947522518218e-40,0
0,2.2211706091551977e-19,0
0,6.236886491375005e-38,0
0,4.0855457388833227e-47,0
0,8.506593278993863e-26,0
0,2.5093366811716754e-33,0
0,5.27754548970855e-28,0
0,1.5380139135568165e-45,0
0,1.758457187774757e-39,0
0,4.3286418126410204e-45,0
0,5.314736708050865e-26,0
0,1.3845357258185493e-35,0
0,6.953985283386333e-46,0
0,2.7731207755261644e-25,0
0,2.418249576372961e-48,0
0,1.1488151919242264e-39,0
0,9.357154898087168e-22,0
0,6.040486781573517e-19,0
0,3.226743212796942e-15,0
0,3.1256149099267856e-28,0
0,1.5815694105656689e-53,0
0,2.263038875910119e-34,0
0,4.8294690911335307e-29,0
0,4.8513828765909755e-24,0
0,1.0875491498999994e-29,0
0,8.331054735498479e-39,0
0,3.092012960644594e-33,0
0,0.3848724956326589,1
0,6.568056096878404e-46,0
0,7.55917879717551e-59,0
0,9.602974884139115e-46,0
0,7.097489359996045e-39,0
0,3.3877944713864176e-34,0
0,9.363854965962049e-36,0
0,5.106392509025847e-37,0
0,1.648115558049144e-20,0
0,3.0903602250413255e-43,0
0,6.80179093313587e-60,0
0,1.7330713368873155e-50,0
0,9.23102420487867e-48,0
0,1.3395034355717056e-48,0
0,2.880613756252184e-28,0
0,3.4185972052888206e-20,0
0,1.2139159438476829e-06,0
0,3.5688719152398424e-56,0
0,2.8943449439626718e-37,0
0,1.8522743650354965e-26,0
0,7.253832426405336e-27,0
0,1.63641938778981e-35,0
0,3.648250328014037e-27,0
0,3.8286634557611506e-48,0
0,3.360820852268432e-38,0
0,1.151271742082755e-41,0
0,2.4270384906642677e-43,0
0,1.8283225784317653e-48,0
0,2.7677970578745555e-48,0
0,2.244805938283382e-53,0
0,5.268136937908934e-50,0
0,2.1105852465469435e-39,0
0,8.144797140076703e-13,0
0,1.340194241535461e-24,0
0,4.0108223367307974e-47,0
0,2.093305956219102e-56,0
0,7.572828506635966e-31,0
0,3.9103789412699165e-42,0
0,2.5770820588546522e-33,0
0,1.269873646496155e-38,0
0,4.120947237495321e-43,0
0,8.92372590910156e-31,0
0,5.495246817096904e-08,0
0,3.0839489605707246e-22,0
0,3.8701692935920044e-32,0
0,3.9465594029087625e-42,0
0,9.396879852235696e-28,0
0,1.142288485371264e-51,0
0,2.213759969503583e-39,0
0,2.2354657265077274e-43,0
0,2.629695014831863e-52,0
0,5.45918840722714e-45,0
0,1.084779118965875e-30,0
0,1.4656340023596424e-47,0
0,6.639434877689183e-35,0
0,1.4812879275683028e-30,0
0,1.0477088260778767e-51,0
0,1.660201701047448e-27,0
0,1.93437797492264e-38,0
0,1.0273751263360462e-29,0
0,1.494043736169729e-60,0
0,8.212099703172864e-42,0
0,9.891005725451829e-43,0
1,0.999999999205125,1
0,1.233980858738676e-50,0
0,1.5303693171758753e-46,0
0,6.950049451909759e-27,0
0,1.7425659415678394e-51,0
0,4.480347114735023e-39,0
0,5.418895256683079e-09,0
0,4.3611476880318075e-51,0
0,5.029616484550186e-49,0
0,1.0086089652311537e-44,0
0,1.422186281923445e-26,0
0,1.658064995667302e-42,0
0,2.279667665856409e-24,0
0,1.8179759568469167e-47,0
0,1.761156543164325e-43,0
0,3.4072470670227184e-42,0
0,9.317903215805347e-43,0
0,1.6642945632042128e-30,0
0,1.1444725689356468e-43,0
0,3.3323015266727473e-42,0
0,5.381047102670151e-26,0
0,5.839477643927679e-32,0
0,1.590088305174503e-28,0
0,1.2266287322105659e-23,0
0,2.1829512776466723e-54,0
0,6.394753628454684e-47,0
0,1.1910162021515169e-20,0
0,1.9499075538658405e-51,0
0,6.288612611369499e-39,0
0,2.7428143934392757e-32,0
0,2.5544090376097835e-31,0
0,1.814366886749409e-40,0
0,1.6284326851277255e-42,0
0,2.3080500413063892e-39,0
0,2.226021067478748e-53,0
0,8.61180531951205e-44,0
0,1.7267701091768754e-37,0
0,2.0259967847555082e-10,0
0,1.758543855673982e-23,0
0,1.696686314476848e-18,0
0,4.770099748657211e-34,0
0,1.618982039627325e-35,0
0,2.1005805919440224e-47,0
0,5.0768714955748756e-36,0
0,1.011029886249075e-12,0
0,2.5353153081352247e-15,0
0,2.3966522712662882e-18,0
0,4.947550797320871e-10,0
0,1.5321129133048062e-56,0
0,2.2242415030208232e-37,0
0,1.939369217625194e-18,0
0,3.0040650500747856e-37,0
0,6.24501526670281e-44,0
0,1.1761331514288156e-42,0
0,7.033662239624701e-50,0
0,1.1694266735118847e-43,0
0,2.750418006342628e-22,0
0,1.2232738252311117e-48,0
0,1.0734616209565215e-57,0
0,6.919133559640711e-43,0
0,3.6548369635347936e-31,0
0,9.01907730542674e-20,0
0,4.390734065094457e-54,0
0,2.1872622926123006e-44,0
0,1.6808915276669057e-26,0
0,5.094167547880677e-06,0
0,2.295056913651144e-58,0
0,0.9940396743960943,1
0,7.433270310569061e-26,0
0,7.4128449285681635e-25,0
0,8.860623999187557e-40,0
0,2.1536091780943807e-34,0
0,1.5171920177190043e-51,0
0,5.7535145217031035e-28,0
0,0.0003598934406795781,0
0,1.2878830921883682e-48,0
0,8.180338260798963e-20,0
0,3.686338415016304e-22,0
0,3.415122614410628e-18,0
0,1.5949002165857539e-37,0
0,2.7226812057588936e-32,0
0,1.0556986508202847e-33,0
0,4.622052048010742e-25,0
0,9.797808670569126e-43,0
0,2.2552698337831287e-53,0
0,1.1728577443885088e-32,0
0,2.1528480752363236e-39,0
0,2.2802967151028898e-58,0
0,9.991180428330977e-34,0
0,7.081475519892434e-52,0
0,2.41850858032826e-43,0
0,1.5448085751043042e-43,0
0,3.620497211712204e-33,0
0,2.0815354968223487e-38,0
0,4.620080518998248e-47,0
0,1.0598836808210437e-48,0
0,3.842178129648255e-55,0
0,1.8306089111594675e-39,0
0,2.936923631208411e-53,0
0,3.809863675541098e-41,0
0,7.02480430325642e-36,0
0,3.412747315709432e-21,0
0,3.115243603813682e-27,0
0,6.730435045358312e-47,0
0,3.311165530498599e-39,0
0,1.7159443693617148e-35,0
0,4.314174602100101e-31,0
0,2.7464896847390194e-53,0
0,1.3815035118123701e-49,0
0,6.50817643335991e-47,0
0,6.63972167123865e-42,0
0,4.08078106655488e-38,0
0,2.7756389935991556e-60,0
0,3.488366482868019e-39,0
0,5.607820181476149e-35,0
0,1.197802820585641e-42,0
0,5.880703255550141e-26,0
0,3.2869749445818846e-53,0
0,3.6431844306326075e-38,0
0,1.1806030522115314e-36,0
0,1.9891505729216627e-40,0
0,1.9896229399467738e-39,0
0,3.9802324371415565e-44,0
0,8.055584779042766e-32,0
0,6.20758689523346e-16,0
0,7.077064814192253e-40,0
0,2.867771962212888e-38,0
0,1.8082091077261633e-34,0
0,6.186108341413721e-15,0
0,2.222353784972051e-16,0
0,1.357438564699397e-29,0
0,2.441595652330024e-56,0
0,1.188201917283655e-41,0
0,2.2680568580737002e-23,0
0,1.2299418757470301e-55,0
0,1.4264318516364274e-33,0
0,2.4222330596558937e-35,0
0,4.067304968862224e-06,0
0,9.318915939988489e-40,0
0,5.755475651976704e-54,0
0,1.2506316938437581e-42,0
0,2.512250000343437e-44,0
0,8.237854999850235e-59,0
0,3.5962284880932673e-50,0
0,2.7770841050110153e-07,0
0,1.0242994902100026e-24,0
0,3.088429048631782e-51,0
0,3.1213240293153944e-19,0
0,1.0642551533802492e-36,0
0,2.2672621393832665e-41,0
0,6.551318887214699e-48,0
0,1.084827619300141e-40,0
0,9.078263715641503e-48,0
0,2.8451196199498875e-32,0
0,2.687396701957561e-41,0
0,6.617753904965159e-20,0
0,6.173414189105965e-45,0
0,4.318503096113042e-24,0
0,5.486132867020389e-52,0
0,6.2259360112139345e-50,0
0,9.443534749987642e-30,0
0,8.837420144579229e-36,0
0,1.5318418110622725e-05,0
0,1.2950582303613109e-36,0
0,1.2080847104758609e-26,0
0,1.5536413877834225e-36,0
0,1.019836532542853e-33,0
0,2.4470229430121225e-49,0
0,2.1969042276350077e-19,0
0,1.0712332999577356e-14,0
0,2.3597145143285668e-36,0
0,1.838774460425857e-53,0
0,8.602530244975356e-44,0
0,8.766392958649147e-33,0
0,2.659468793441055e-12,0
0,1.5035217094179316e-48,0
0,2.5527569986451264e-19,0
0,1.1285522392906583e-57,0
0,1.9195340671614857e-43,0
0,6.7802529262154035e-31,0
0,2.2528760248049116e-28,0
0,7.529928493730427e-11,0
0,1.0144254792850856e-17,0
0,4.81932771033489e-45,0
0,2.893539736664787e-38,0
0,3.268172703152583e-29,0
0,4.312966988796535e-15,0
0,7.344707225686031e-43,0
0,1.6869088359469117e-41,0
0,5.672056628355385e-53,0
0,9.349469455923623e-46,0
0,9.740504420061126e-19,0
0,2.0878557169127272e-43,0
0,5.669513975388313e-43,0
0,2.7948090330859e-21,0
0,1.7540836745474008e-22,0
0,1.454646703727308e-27,0
0,3.674871387635033e-20,0
0,1.5891374046435857e-51,0
0,2.3875451980163164e-34,0
0,1.4126935738268293e-47,0
0,7.976292677973325e-42,0
0,3.473040201808683e-44,0
0,1.226610156347492e-43,0
0,1.3456428560109134e-37,0
0,1.5825632442197586e-35,0
0,1.2321647004096718e-40,0
0,1.7937345990636247e-35,0
0,1.6241306101931005e-22,0
0,1.362883885120885e-33,0
0,2.34914076314593e-50,0
0,3.471587081435255e-23,0
0,3.395052071315458e-41,0
0,5.944459959453211e-46,0
0,1.249399331319101e-19,0
0,1.414615896425752e-22,0
0,1.8765923935125792e-42,0
0,1.6955599055333404e-43,0
0,6.4714448085557965e-22,0
0,2.2603912786880116e-52,0
0,8.713617711079713e-31,0
0,1.0153282010229163e-55,0
0,3.1753738481826783e-28,0
0,6.890887087410866e-22,0
0,2.1516686509147828e-33,0
0,3.302728941428363e-35,0
0,7.4527584011206355e-06,0
0,2.4766653803902038e-42,0
0,1.2947110606132104e-48,0
0,2.7250496756428584e-46,0
0,5.6992963054302376e-33,0
0,1.380050564657872e-39,0
0,1.911438115409451e-53,0
0,9.620312289835605e-28,0
0,1.3503884184181546e-41,0
0,1.785134443896682e-40,0
0,2.3704816301931132e-35,0
0,3.149063474992664e-44,0
0,2.0905564236877133e-39,0
0,2.668061458092678e-40,0
0,3.594340624251888e-27,0
0,2.463554869003473e-43,0
0,1.7330235214009164e-40,0
0,1.8036386554489328e-38,0
0,1.5947178575290572e-39,0
0,3.591501775235652e-44,0
0,1.667219029696986e-38,0
0,8.42207252141676e-30,0
0,1.2399555813210032e-47,0
0,6.902530847320048e-36,0
0,3.9371984232636775e-30,0
0,9.902157148844147e-48,0
0,6.36307779218319e-16,0
0,1.370522875315767e-35,0
0,7.284195216153654e-19,0
0,4.63588906059997e-27,0
0,4.113351119808156e-58,0
0,1.3223513985272125e-21,0
0,5.2565322963748944e-62,0
0,6.212910914541011e-29,0
0,1.0771788800973729e-47,0
0,1.515986282119985e-37,0
0,2.1164336171884424e-38,0
0,1.3699245546350295e-56,0
0,2.3575460287152993e-39,0
0,6.341615829103904e-41,0
0,3.383789653608561e-47,0
0,8.520853337434872e-37,0
0,7.495565921968345e-38,0
0,7.49309257257093e-29,0
0,1.4909227636354888e-36,0
0,5.463097166990205e-28,0
0,3.6014058680696705e-48,0
0,5.300169592906969e-54,0
0,6.290422566822113e-34,0
0,1.6236525833854717e-53,0
0,8.013104689022071e-53,0
0,1.809613917553181e-38,0
0,7.79473016537326e-30,0
0,3.067726646681899e-46,0
0,3.604199953643279e-46,0
0,2.066302148875416e-45,0
0,4.495361971665986e-57,0
0,2.9965804616734964e-55,0
0,7.568174071558982e-26,0
0,4.04038503932192e-45,0
0,1.540894035777552e-22,0
0,2.4670626661739523e-20,0
0,0.9012057366258484,1
0,1.6324875068188857e-35,0
0,3.7866453573729726e-31,0
0,1.5440886574482686e-13,0
0,7.02241251205199e-52,0
0,1.3922727929418945e-47,0
0,1.1931107033086969e-40,0
0,1.3583319088060027e-51,0
0,2.0283894723384613e-35,0
0,4.684268260110771e-21,0
0,2.6814960552754994e-28,0
0,1.6390815297311142e-32,0
0,1.2018439139023474e-41,0
0,3.5516794564696603e-43,0
0,8.444055530457495e-57,0
0,3.2175614673878584e-39,0
0,3.939471285197496e-21,0
0,1.3970352781790223e-33,0
0,1.0725432870563369e-36,0
0,5.33193511818071e-49,0
0,4.0784121346070656e-15,0
0,1.3555279234371418e-40,0
0,1.0434194520499682e-22,0
0,1.67987495404537e-31,0
0,4.109318600749143e-49,0
0,1.1125195985033654e-33,0
0,2.636106689140554e-43,0
0,4.6113031324551554e-49,0
0,2.548721962105857e-57,0
0,1.3024373926715066e-34,0
0,4.183262279431055e-30,0
0,5.696843912726518e-33,0
0,3.9034143767396155e-44,0
0,1.0212326864998187e-40,0
0,4.784712669038396e-22,0
0,2.3403862548556667e-39,0
0,2.4947660151210108e-30,0
0,1.1336675964316703e-38,0
0,8.565346051552405e-53,0
0,4.807545162669944e-33,0
0,5.645681532219705e-35,0
0,1.0653550596295368e-46,0
0,7.697345078838671e-30,0
0,2.713315706473011e-32,0
0,9.563647261015458e-50,0
0,3.089029478937331e-41,0
0,5.260069775435806e-55,0
0,3.3783343151244496e-32,0
0,2.9101192643923305e-41,0
0,2.3801887070172186e-44,0
0,3.3053209498470166e-25,0
0,3.055670968203591e-47,0
0,4.8579579551499337e-45,0
0,2.1490335418779088e-26,0
0,9.14835751110036e-32,0
0,3.768406406965414e-11,0
0,5.168630700400754e-32,0
0,6.597581497970419e-39,0
0,7.274106643626036e-15,0
0,2.6918728130699676e-50,0
0,5.271296969211355e-16,0
0,2.8543862370464576e-22,0
0,5.965683840276161e-61,0
0,1.83050134466787e-15,0
0,2.309374506507488e-48,0
0,8.549203743855506e-25,0
0,3.80936635822264e-30,0
0,2.336429386838931e-40,0
0,9.559913402623736e-41,0
0,1.0234596094989973e-36,0
0,1.810132892076928e-51,0
0,3.543570010896371e-35,0
0,1.3916998287934656e-32,0
0,1.239589955560139e-40,0
0,1.0739539776247384e-36,0
0,1.1754902000146257e-43,0
0,1.2223730301189516e-39,0
0,1.8023977758238352e-32,0
0,2.436408374707869e-48,0
0,8.3456546872849645e-50,0
0,2.2406082347005356e-29,0
0,9.076590797502738e-34,0
0,1.4369496289881677e-56,0
0,1.0699787464614842e-52,0
0,2.1494885101327923e-36,0
0,2.359572381959017e-38,0
0,3.6037746596750596e-39,0
0,3.5492904826430144e-26,0
0,2.885497019107856e-62,0
0,1.968979694590021e-52,0
0,2.0091181360774108e-40,0
0,1.122351699145107e-43,0
0,8.586646197881115e-59,0
0,1.5306652548407997e-43,0
0,7.293199676170033e-48,0
0,1.4067130874991603e-42,0
0,9.006353343929985e-56,0
0,4.162837572201869e-23,0
0,1.7920578079032854e-48,0
0,3.6061128296805535e-38,0
0,6.15234689585164e-17,0
0,4.743315701293488e-49,0
0,5.686200319359999e-27,0
0,4.1481084022356404e-46,0
0,9.975237611564128e-44,0
0,5.763039568446433e-39,0
0,1.5763768893241706e-32,0
0,8.291075797350421e-48,0
0,2.4339309018867565e-44,0
0,3.683066269532595e-43,0
0,1.3295753250486118e-25,0
0,5.113476485050048e-25,0
0,1.4874806094563135e-20,0
0,5.553010884291539e-40,0
0,1.212477575253115e-36,0
0,3.747928562862065e-41,0
0,7.218756687371182e-56,0
0,4.3933581302176817e-32,0
0,7.668589989050809e-27,0
0,1.3833803456243685e-38,0
1,0.9843331379404299,1
0,1.4457732549268418e-48,0
0,9.502488307654114e-08,0
0,7.712513019076756e-36,0
0,5.0952771337404345e-34,0
0,1.029230937915667e-25,0
0,1.021401240477452e-48,0
0,1.528913656594414e-40,0
0,4.6938582362587406e-27,0
0,3.468523958530124e-29,0
0,4.171037861774858e-37,0
0,9.724487396318116e-45,0
0,3.334034291485481e-29,0
0,1.512977726270576e-55,0
0,1.2258001904812577e-32,0
0,6.087476468613078e-37,0
0,1.354620782534823e-35,0
0,6.211840037569778e-32,0
0,1.0002520095878436e-42,0
0,1.4496536688843182e-41,0
0,4.0867993336223605e-36,0
0,6.994277975783003e-56,0
0,1.2016738313285147e-27,0
0,9.781398624907462e-45,0
0,1.236345728637916e-16,0
0,3.788328908816005e-43,0
0,3.450632923526618e-24,0
0,7.576916271362088e-21,0
0,6.240468317068049e-35,0
0,3.0469160597150323e-30,0
0,1.7681869329727696e-31,0
0,3.135942575671162e-22,0
0,2.3896885133936848e-26,0
0,1.6956274837185892e-41,0
0,0.9304474086384157,1
0,2.330379928423027e-44,0
0,9.199212896431389e-46,0
0,0.005778174015851726,0
0,3.27217932212626e-34,0
0,1.0602644533981457e-33,0
0,7.146579820176125e-34,0
0,1.2566137260918248e-41,0
0,6.872184285638638e-43,0
0,2.8480550802345648e-30,0
0,1.9300869807563483e-54,0
0,1.3398095714253527e-29,0
0,2.3736626097416984e-41,0
0,6.463116676497357e-38,0
0,4.3434303295712424e-11,0
0,3.881905998718458e-43,0
0,5.826606159449802e-17,0
0,2.28760084082874e-41,0
0,2.562043649238792e-34,0
0,1.411976292034851e-50,0
0,2.857497842047074e-20,0
0,4.289818336077458e-22,0
0,1.0997890768722609e-32,0
0,1.4645509616129897e-20,0
0,3.004584393311933e-50,0
0,6.874167225119097e-41,0
0,2.3488321880604827e-32,0
0,2.8997932073284663e-44,0
0,5.3124700007417714e-40,0
0,6.4477439770783684e-27,0
0,2.2572506182986326e-41,0
0,1.3824300161545395e-44,0
0,9.97550116298691e-39,0
0,4.049375128205632e-36,0
0,3.587908909773187e-38,0
0,1.6863207139277965e-17,0
0,2.4966380935129675e-43,0
0,2.9626185874686614e-40,0
0,5.810088477611655e-42,0
0,1.6760291787507854e-26,0
0,5.040065277054277e-45,0
0,6.2571181699619625e-37,0
0,7.528647269524863e-39,0
0,1.6114742478727215e-53,0
0,3.0749184318852244e-16,0
0,2.280657920568818e-52,0
0,3.356741277482052e-52,0
0,4.210778001259926e-46,0
0,4.657842464254039e-45,0
0,5.1170069643175424e-52,0
0,7.158800656296381e-50,0
0,3.2472816162449176e-55,0
0,8.954008809332187e-48,0
0,2.032716042610077e-51,0
0,1.2793841599433256e-19,0
0,1.0251410905709642e-32,0
0,1.0846190979777163e-35,0
0,4.827244440528433e-42,0
0,4.594160546459692e-40,0
0,3.1587363702794343e-51,0
0,8.913527177919867e-34,0
0,8.252584932258378e-33,0
0,1.9677127163195914e-25,0
0,7.258465816410173e-28,0
0,3.600735649159576e-27,0
0,1.2194656464635902e-46,0
0,1.4265895807035403e-38,0
0,8.0481909773688385e-47,0
0,3.816740684792589e-26,0
0,8.366254325488777e-54,0
0,3.956313999933524e-21,0
0,8.963781807154522e-21,0
0,1.2336961068633697e-38,0
0,1.0335232812899135e-54,0
0,5.145209282455277e-19,0
0,1.0601915057809457e-39,0
0,1.4281569512658228e-36,0
0,1.876321157195901e-34,0
0,4.723143493632821e-38,0
0,2.4731439801849764e-42,0
1,0.9999999999999998,1
0,2.719616086209742e-37,0
0,4.16517036152258e-34,0
0,2.0309715605808376e-31,0
0,1.9651081501401758e-22,0
0,4.7146344865568316e-27,0
0,1.2505245849974226e-34,0
0,5.939522513267403e-45,0
0,4.9389506917880545e-48,0
0,2.451276691920092e-17,0
0,2.0759961423229275e-54,0
0,1.610881382438614e-39,0
0,5.147960841213602e-29,0
0,6.832410586095589e-22,0
0,1.0816194145811622e-50,0
0,1.4826891751241754e-51,0
0,7.525535580060926e-38,0
0,2.6673021712822616e-47,0
0,2.8909883807639217e-47,0
0,1.3217471359265746e-23,0
0,5.293132626413226e-34,0
1,1.0,1
0,3.027648070126579e-33,0
0,1.8012049185154613e-49,0
0,5.639803233698264e-27,0
0,1.5324410826009297e-38,0
0,9.5130055821624e-53,0
0,5.791880918323661e-42,0
0,9.125780027975542e-35,0
0,3.300172255495141e-29,0
0,2.515599190083129e-32,0
0,2.1875215069351145e-37,0
0,6.834572956505998e-48,0
0,2.271539879930152e-37,0
0,2.49136873242138e-27,0
0,1.1891439577258853e-60,0
0,8.949117394164378e-30,0
0,9.511495920042995e-24,0
0,1.1007432549764663e-43,0
0,9.486981196902419e-35,0
0,6.979613872730833e-38,0
0,1.4734871258566767e-23,0
0,2.8355066968843323e-53,0
0,4.31851325767292e-31,0
0,2.836960621525013e-38,0
0,1.5116156050223144e-39,0
0,1.4953655031315399e-33,0
0,4.361854061412088e-44,0
0,2.902949629633427e-42,0
1,0.9796084758405564,1
0,1.4395031579712902e-57,0
0,8.896841340422223e-59,0
0,3.620319415675218e-61,0
0,7.891445428885346e-52,0
0,7.727003819278687e-39,0
0,3.6859119148093104e-53,0
0,2.3580633769392577e-35,0
0,6.851132340958591e-32,0
0,1.7091240806176924e-28,0
0,1.0034211499058252e-35,0
0,2.8783559664129436e-25,0
0,2.041037218766851e-20,0
0,1.4621244565501233e-28,0
0,5.466150160374583e-31,0
0,2.999747273650934e-39,0
0,2.4696218732842286e-35,0
0,5.748968487948628e-47,0
0,6.644088646843672e-45,0
0,8.092366040475208e-38,0
0,5.5415125073989655e-30,0
0,6.150148283115315e-33,0
0,1.6832329207382468e-32,0
0,6.504887401756521e-35,0
0,2.2670713651563666e-43,0
0,2.802811053293945e-23,0
0,1.3634667166297224e-59,0
0,1.1411231383748249e-36,0
0,4.142409211020237e-18,0
0,3.434717664544121e-26,0
0,1.4747292306563975e-44,0
0,5.300046984033409e-25,0
0,2.9626373975355034e-36,0
0,9.544470943743287e-47,0
0,5.941803980317709e-33,0
0,2.0549365355087833e-25,0
0,3.2654400255391554e-11,0
0,5.389170768851966e-39,0
0,2.1858514397066115e-45,0
0,4.052766275173043e-32,0
0,7.700117898964611e-11,0
0,1.0563722302821535e-34,0
0,6.255101299758068e-42,0
0,1.0229672483181784e-38,0
0,4.900351608622277e-46,0
1,0.9997719918344333,1
0,3.28749377758896e-28,0
0,5.464153155073489e-36,0
0,4.823842490092313e-47,0
0,4.550811916670968e-53,0
0,1.8448522143562413e-31,0
0,2.9334352923802787e-39,0
0,7.542947608745672e-29,0
0,2.2296832274920307e-06,0
0,3.999044296008682e-23,0
0,1.6985903816628907e-45,0
0,3.5561236711147564e-53,0
0,0.06756646955028058,0
0,3.6669604673738474e-33,0
0,1.208730692105612e-31,0
0,4.8488078745594024e-62,0
0,2.701450611085688e-49,0
0,5.476132571953702e-46,0
0,7.021501283183667e-53,0
0,7.79531799959672e-41,0
0,3.9891056030896655e-35,0
0,1.9658133367639998e-24,0
0,1.240950002009198e-38,0
0,1.9946287890578254e-16,0
0,5.850532307505786e-44,0
0,7.296744223712838e-20,0
0,1.3705219203611045e-37,0
0,4.610781909853871e-37,0
0,6.913376241843579e-35,0
0,7.792880723632627e-29,0
0,3.4762771675918965e-23,0
0,6.336211237014493e-22,0
0,1.6973576718810975e-38,0
0,3.667366354784426e-64,0
0,4.30300553022314e-16,0
0,3.180314115468103e-32,0
0,5.477665689411083e-42,0
0,3.053885329184779e-47,0
0,4.9574733861249324e-45,0
0,1.1453149746652238e-38,0
0,3.430084705731565e-42,0
0,1.198487593763493e-48,0
0,1.6091038173335508e-38,0
0,2.983095956939258e-34,0
0,7.308795353568522e-41,0
0,4.144552743179646e-31,0
0,6.819762252868128e-33,0
0,1.1584261289492597e-50,0
0,1.752432035596928e-31,0
0,1.3032128258898777e-38,0
0,1.618993867917233e-36,0
0,6.1166305887518754e-18,0
0,1.814508105205669e-33,0
0,1.8656180674941143e-13,0
0,8.005226710493463e-37,0
0,5.300125086140902e-34,0
0,2.1688274924603547e-19,0
0,1.2700639244414651e-34,0
0,3.18349966353239e-30,0
0,4.817542454979668e-48,0
0,8.391472649992202e-31,0
0,3.071776048862588e-39,0
0,1.6980774264072434e-39,0
0,6.548324271085109e-40,0
0,6.966951260939233e-53,0
0,1.807402091082636e-32,0
0,4.7309430382937195e-22,0
0,0.013210729228458512,0
0,7.591148075417252e-19,0
0,1.8875188326717571e-50,0
0,1.3288225862110098e-49,0
0,2.8373645161852274e-26,0
0,3.373759059496296e-44,0
0,5.465754720833563e-35,0
0,7.637793503208298e-35,0
0,4.186070847531624e-25,0
0,1.287161345794747e-34,0
0,3.3608031390369885e-44,0
0,2.2020956529690545e-27,0
0,7.913137504960533e-39,0
0,1.7760531435087446e-35,0
0,4.3972053740423275e-35,0
0,4.1027600243811236e-51,0
0,4.9969198100062496e-17,0
0,2.3115010827932424e-57,0
0,2.4093707131821605e-40,0
0,1.948422197481637e-43,0
0,2.645531649953205e-15,0
0,8.258203620294015e-39,0
0,2.5398323608868166e-45,0
0,5.26331275468608e-46,0
0,1.1625932590340598e-30,0
0,1.6114930935504958e-48,0
0,2.904459467990929e-37,0
0,2.613794253629117e-55,0
0,5.327707511877412e-45,0
0,2.2339692690607037e-44,0
0,6.371218908627851e-45,0
0,2.2217102243123492e-55,0
0,7.08073102613963e-16,0
0,1.6344291650608562e-34,0
0,5.555022838935199e-40,0
0,4.39507658817935e-41,0
0,5.133277236682471e-44,0
0,7.940422960018109e-50,0
0,1.9130151272459213e-32,0
0,9.47571843264022e-16,0
0,1.402173903156142e-46,0
0,7.718453989908782e-41,0
0,1.608785718083533e-31,0
0,6.735228458718402e-36,0
0,1.9229188056974935e-24,0
0,3.217469551361326e-49,0
0,7.464093823565588e-46,0
0,1.1904053803974954e-21,0
0,3.9430129286593275e-35,0
0,2.7799848273499834e-31,0
0,7.670868201589486e-53,0
0,3.0594558658761453e-42,0
0,5.790289716321883e-41,0
0,6.5382693978899945e-34,0
0,4.6976624477328103e-26,0
0,6.287854552703773e-28,0
0,4.396052315302515e-23,0
0,3.3753684459605113e-57,0
0,4.401828167331477e-33,0
0,1.0216310656052953e-37,0
0,1.8041534850578716e-35,0
0,4.556450419332149e-44,0
0,2.8653538833026228e-53,0
0,6.721111986258982e-53,0
0,4.674547814319111e-19,0
0,2.8074982809554733e-30,0
0,5.0334643670508674e-36,0
0,2.049312902601824e-43,0
0,5.9085046472122575e-59,0
0,4.722141641139289e-46,0
0,2.7879199111840437e-41,0
0,1.8400118867409032e-42,0
0,9.448056650932017e-57,0
0,4.289442413929292e-58,0
0,1.0279280831706427e-36,0
0,2.909080993956788e-47,0
0,1.305399722853881e-40,0
0,1.378971954809681e-53,0
0,5.667252377659219e-48,0
0,2.636663368878233e-44,0
0,9.142891974486405e-43,0
0,3.7211577815644385e-20,0
0,4.657602535636729e-48,0
0,1.426381130444931e-31,0
0,1.7470155966737252e-39,0
0,2.304942535439577e-42,0
0,2.636540685935677e-35,0
0,1.0422659658432745e-42,0
0,1.6700889768157212e-47,0
0,9.895025764394623e-52,0
0,9.129811004164842e-46,0
0,1.41370281633105e-45,0
0,2.4837950309545303e-47,0
0,1.0044387572070531e-13,0
0,1.9060333109017459e-47,0
0,9.00127175906968e-54,0
0,4.998209230972442e-11,0
0,1.3319168310684005e-62,0
0,1.0236848388116592e-47,0
0,6.374933968193023e-35,0
0,8.456682581280553e-34,0
0,9.001833365598154e-33,0
0,1.7563384110290167e-43,0
0,3.646119360824502e-42,0
0,6.812177201884862e-53,0
0,1.0017943318662308e-33,0
0,1.1591045908586614e-33,0
0,2.986264340846904e-41,0
0,1.2318625666054325e-55,0
0,2.4313908457334737e-22,0
0,5.232683828008988e-26,0
0,9.106177992088993e-28,0
0,5.518708559844819e-39,0
0,3.7567912380791733e-42,0
0,1.3369491712912458e-33,0
0,1.7228198411803584e-29,0
0,3.249098303239464e-41,0
1,0.9999993845858349,1
0,8.139537281031621e-39,0
0,5.874662475201447e-37,0
0,3.0859663553275866e-46,0
0,1.695211922667655e-45,0
0,3.003425845437657e-39,0
0,7.69731951107016e-32,0
0,1.884426957821852e-45,0
0,1.1144443663251673e-38,0
0,4.428988019744005e-15,0
0,1.0287329813984979e-34,0
0,4.164511844197439e-49,0
0,1.2026906454090817e-42,0
0,8.356304691395512e-50,0
0,1.4738181347774567e-39,0
0,1.3354726304089077e-41,0
0,2.0634016519294363e-14,0
0,2.0596766842993236e-46,0
0,2.962107009752969e-44,0
0,2.0009862774741875e-22,0
0,9.449956642252769e-47,0
0,7.488129672077046e-56,0
0,8.011647791319113e-30,0
0,3.4444511865978184e-52,0
0,3.5829763157680563e-53,0
0,1.7157378063353831e-31,0
0,4.31656310174845e-18,0
0,1.951126687291085e-06,0
0,2.933204376557171e-29,0
0,6.971391190348738e-40,0
0,1.9646694043671293e-42,0
0,5.1342032578783384e-42,0
0,2.5138851253654076e-40,0
0,7.63383179706575e-29,0
0,4.2082286595722463e-17,0
0,7.14320926869836e-14,0
0,7.01086729549259e-29,0
0,1.782454084882932e-17,0
0,1.5638417785255904e-47,0
0,4.866486456766283e-37,0
0,5.022120485158597e-22,0
0,3.51561479357355e-48,0
0,2.9035720975343414e-36,0
0,2.169487635279882e-25,0
0,1.4084226232020868e-35,0
0,9.175416195899712e-62,0
0,1.0169144791829049e-39,0
0,7.202360359482707e-16,0
0,1.7389352413758256e-25,0
0,6.417356587042146e-35,0
0,3.1670055885525487e-47,0
0,2.6859408134310683e-09,0
0,6.455169369201574e-41,0
0,8.299149135809736e-13,0
0,8.549200446756519e-47,0
0,2.846393317252303e-44,0
0,2.795969930589639e-52,0
0,6.98396058387722e-40,0
0,1.0273460313039043e-38,0
0,2.3639731788975672e-33,0
0,3.2531302733346965e-10,0
0,2.7742130844788205e-34,0
0,3.14580704069637e-32,0
0,4.845632086749018e-40,0
0,4.268806957592315e-25,0
0,1.7414965134260437e-30,0
0,1.0169799271588383e-57,0
0,1.6106983991025138e-08,0
0,2.7042370178706796e-45,0
0,1.0028742570946929e-48,0
0,2.2753168164444167e-42,0
0,2.9322621600895446e-46,0
0,9.169883653746523e-17,0
0,1.0794318156427204e-49,0
0,4.212895120603185e-10,0
0,3.7354814864534814e-28,0
0,2.1944596785838994e-40,0
0,1.7808689521774796e-22,0
0,3.6126906346686125e-33,0
0,5.1099156785521696e-42,0
0,1.1549367513979644e-28,0
0,2.423966590640722e-43,0
0,4.1184326479315176e-46,0
0,9.038308724198381e-35,0
0,1.741572747407262e-38,0
0,1.022250845874121e-43,0
0,1.9879804330626772e-26,0
0,1.2230785905201737e-22,0
0,5.809542395698144e-32,0
0,4.79398565315636e-50,0
0,6.813439291997224e-47,0
0,7.535285559246548e-46,0
0,4.224558907544002e-52,0
0,7.53261266413463e-45,0
0,3.1153200826818226e-26,0
0,1.6711274192372108e-48,0
0,2.3961786719618367e-20,0
0,7.229753687570662e-63,0
0,2.8876733094543804e-32,0
0,1.8929645571310293e-46,0
0,1.856148132529006e-57,0
0,2.4848215320309634e-20,0
0,1.6613267442927522e-36,0
0,2.4421994158573377e-48,0
0,5.733365436255372e-44,0
0,7.070072525973049e-36,0
0,1.7517841658807015e-38,0
0,2.5832451116301706e-52,0
0,2.1467050461732667e-41,0
0,3.0624694872418004e-42,0
0,2.4971885023288083e-28,0
0,7.264049730987143e-33,0
0,5.889845824350292e-47,0
0,1.5814475485129455e-38,0
0,2.9472027292438762e-37,0
0,7.439808260926689e-32,0
0,6.604907259724988e-57,0
0,6.193027298434323e-30,0
0,2.5693722169294387e-51,0
0,3.2602931737213684e-40,0
0,1.5823711793969685e-16,0
0,1.1738466262685243e-37,0
0,1.7265791276668982e-53,0
0,3.3381777507509498e-40,0
0,6.38874565565545e-47,0
0,2.345376278327289e-47,0
0,1.0658425806080823e-53,0
0,7.210474648163976e-46,0
0,2.5184663213611776e-53,0
0,3.591106846394541e-61,0
0,2.4699636833010355e-42,0
0,4.361188120950401e-50,0
0,9.137268468863226e-35,0
0,2.2712206961065476e-28,0
0,2.1734310591851308e-30,0
0,8.539972634305304e-35,0
0,5.364686578877841e-54,0
0,1.1517585168359472e-62,0
0,1.7729155362335214e-61,0
0,1.2003520468375656e-43,0
0,1.4944942145234785e-46,0
0,6.464074453304818e-29,0
0,4.143389966983956e-58,0
0,2.7572360890152055e-33,0
0,2.5505707327487285e-44,0
0,1.3846170037995323e-18,0
0,8.058930805344846e-19,0
0,1.0344168284893278e-30,0
0,1.6822532775046092e-49,0
0,4.125585497106404e-35,0
0,5.298644625134076e-41,0
0,3.115180565626262e-36,0
0,2.0076812051780828e-25,0
0,4.7228930824177373e-45,0
0,1.4319101526345835e-06,0
0,2.2606763988375943e-39,0
0,6.781219006402773e-29,0
0,3.022241114986045e-35,0
0,2.0384121585096872e-44,0
0,2.9837995065305357e-36,0
1,0.9920709893515798,1
0,1.5790356147269522e-37,0
0,6.479407791733542e-55,0
0,1.5690398279166427e-46,0
0,3.528643706766992e-26,0
0,2.7720319942334036e-47,0
0,9.139922623312919e-41,0
1,0.9876074114600931,1
0,6.658401008644613e-36,0
0,2.442475647072546e-26,0
0,8.162985933569329e-37,0
0,1.2874379631200272e-38,0
0,2.5623029375683646e-47,0
0,4.26317194576486e-18,0
0,5.335498587360288e-25,0
0,1.866418972330594e-40,0
0,4.1450200758373464e-36,0
0,1.4553788225816335e-28,0
0,4.725929418373944e-45,0
0,6.505326864914453e-13,0
0,6.222429192012447e-43,0
0,3.4900593274195863e-50,0
0,1.0354503958476406e-27,0
0,2.8030933863938052e-37,0
0,3.639783335283907e-30,0
0,7.98677150609706e-41,0
0,3.657764716149661e-09,0
0,1.696818883734273e-40,0
0,1.0260417307633324e-39,0
0,3.6387727786904244e-52,0
0,6.904077470119362e-39,0
0,1.2896286422560983e-38,0
0,3.020266794461574e-24,0
0,1.3245213511041492e-55,0
0,4.131476841704823e-13,0
0,4.320584053466155e-50,0
0,1.0465620733310758e-26,0
0,2.4128573553341017e-22,0
0,7.159829270888722e-56,0
0,1.2497790240314262e-29,0
0,5.8360044872310445e-19,0
0,1.7364054286604527e-31,0
0,7.537755114024962e-48,0
0,6.295696432658878e-38,0
0,1.4964565691979652e-37,0
0,8.570824150022358e-16,0
0,1.1043466061730996e-38,0
0,1.6991777286451161e-34,0
0,4.64743618079999e-53,0
0,3.5682982529543222e-37,0
0,2.822646359062433e-48,0
0,2.120942629222042e-35,0
0,1.0407626007540312e-32,0
0,2.8370649500272017e-48,0
0,1.5453834941107619e-56,0
0,9.604186659235056e-10,0
0,1.2224816678536697e-47,0
0,2.2043542971410293e-38,0
0,2.2821795601457524e-48,0
0,1.586795504955101e-26,0
0,1.4791921096128208e-48,0
0,3.5195232525511113e-56,0
0,1.2864630043744984e-30,0
0,6.75440474753704e-39,0
0,2.8605836167646253e-36,0
0,0.0003226988475586211,0
0,1.4312924826265344e-45,0
0,5.657870649041873e-41,0
0,4.208097786764074e-32,0
0,2.4483618689500876e-45,0
0,2.166330129511704e-46,0
0,7.52391371687655e-34,0
0,1.0713830841565538e-41,0
0,1.286383238990745e-35,0
0,3.1072749729654435e-51,0
0,4.2347994452750986e-49,0
0,1.113483634301619e-23,0
0,9.789026721703859e-11,0
0,4.150911042424594e-39,0
0,4.413777478339924e-44,0
0,4.994008663854458e-37,0
0,8.250629960437341e-23,0
0,4.676300488675207e-33,0
0,5.18969085808851e-23,0
0,6.710847541138091e-60,0
0,6.001743607314324e-17,0
0,5.666190265244201e-48,0
0,2.6497179428349495e-36,0
0,1.519737125908457e-43,0
0,3.591720042087122e-33,0
0,1.6150586889270252e-50,0
0,4.682148639730772e-18,0
0,2.741326440461347e-44,0
0,3.819005592817961e-45,0
0,1.1437552412907807e-29,0
0,3.7868289679048032e-34,0
0,8.2272158140717615e-50,0
0,1.6158182052002253e-51,0
0,8.423994783662474e-44,0
0,9.048723093593537e-44,0
0,1.0106025520195652e-43,0
0,7.66410408185047e-46,0
0,3.0584477686284666e-52,0
0,3.275268888583841e-41,0
0,1.299719042527429e-53,0
0,8.34652483300977e-59,0
0,5.652321464589338e-26,0
0,1.0402504946812542e-37,0
0,3.228861295674272e-58,0
0,4.195165166191416e-49,0
0,3.688884485722764e-31,0
0,2.8412703905621914e-32,0
0,6.606514781573374e-52,0
0,8.593053668793821e-36,0
0,2.1266013889137447e-18,0
0,3.6805481884533245e-28,0
0,3.2247270099868947e-47,0
0,2.3093188800000782e-62,0
0,5.2038387235423755e-08,0
0,9.87345866640724e-41,0
0,3.573840245476221e-36,0
0,2.4341947146490063e-17,0
0,6.896189058595683e-39,0
0,2.4353651937715464e-42,0
0,3.2069899176075275e-54,0
0,9.476025919260689e-41,0
0,2.9043985400551724e-61,0
0,4.69580803481808e-41,0
0,2.4457852181936646e-44,0
0,2.386398199267647e-33,0
0,1.1183146638996798e-49,0
0,1.4720250280805837e-20,0
0,2.6812454209374844e-48,0
0,9.756696705241272e-22,0
0,3.6573355788025355e-32,0
0,1.2396754547489754e-40,0
0,6.162287336931572e-52,0
0,1.335479977881803e-42,0
0,2.805228440294431e-31,0
0,1.330638234261795e-32,0
0,2.8697023724152515e-25,0
0,2.612283847747072e-43,0
0,3.1968804454189906e-58,0
0,3.117323018062448e-23,0
0,2.767123073537052e-48,0
0,8.482749102571058e-43,0
0,6.362420440869998e-44,0
0,9.238411123582438e-36,0
0,1.4481505956573946e-47,0
0,2.889307770010393e-33,0
0,1.3178494708953947e-48,0
0,6.990100406642992e-32,0
0,1.773420176209238e-36,0
0,6.709392632664191e-58,0
0,4.143896787069553e-42,0
0,1.148074959333437e-50,0
0,5.599322525061489e-41,0
0,1.340203091827384e-41,0
0,2.0947333702842583e-18,0
0,5.211850371304469e-39,0
0,4.7472030364362776e-45,0
0,1.2666017841570039e-43,0
0,1.6841984810913529e-37,0
0,4.481120120236454e-43,0
0,2.1567481172032343e-38,0
0,1.1174304384509427e-56,0
0,3.3183063619430505e-11,0
0,2.4950396683461268e-39,0
0,5.474927226351612e-41,0
0,1.4390517506762773e-44,0
0,1.7425492821416463e-43,0
0,6.574095165818811e-39,0
0,6.10286691968825e-17,0
0,5.0892826184215155e-23,0
0,3.130388134149218e-15,0
0,1.8341421004995027e-49,0
0,1.0813306284370827e-17,0
0,1.201559414458851e-47,0
0,2.4538995084955206e-32,0
0,9.821029175521103e-49,0
0,2.681771424160146e-57,0
0,6.089579404093455e-28,0
1,0.9999999962569002,1
0,5.718280768041917e-43,0
0,3.3485986684267826e-23,0
0,3.511956545262454e-40,0
0,9.781288760500181e-45,0
0,2.776920768431147e-27,0
0,4.605210298071493e-33,0
0,9.105089626596501e-36,0
0,3.223341959515163e-48,0
0,8.698908189143525e-31,0
0,2.2351958951834502e-35,0
0,3.0790575065836645e-40,0
0,1.3318758727790167e-50,0
0,4.021493521233091e-37,0
0,4.821987529234356e-45,0
0,9.107542342714895e-49,0
0,8.511925486960916e-46,0
0,5.869094340540072e-31,0
0,1.2806608610835333e-32,0
0,2.7573213538356916e-37,0
0,3.892837038990202e-30,0
0,2.6335270495403173e-47,0
0,3.768278348831142e-37,0
0,8.190490229969236e-39,0
0,1.5381805048479732e-27,0
0,1.2367030031046477e-22,0
0,2.1108555038970772e-42,0
0,6.968667643247626e-33,0
0,1.455097393256359e-27,0
0,4.517016337848091e-37,0
0,1.4584167067868568e-40,0
0,3.1075335648584377e-43,0
0,1.7692743916034286e-28,0
0,1.0830806748149202e-36,0
0,1.0981728228683115e-56,0
0,6.311834663163033e-46,0
0,1.3194304168467134e-38,0
0,3.565267842051101e-57,0
0,1.6733021938559166e-28,0
0,1.2272505110561874e-42,0
0,2.2069734097494405e-40,0
0,3.461228528661978e-31,0
0,8.692030746689657e-48,0
0,1.977005367825977e-51,0
0,4.7452679676288884e-54,0
0,6.916519851231833e-53,0
0,7.684236933167231e-36,0
0,2.7559508088851565e-33,0
0,1.46059750213011e-31,0
0,6.825561287198808e-54,0
0,1.5440752466271624e-22,0
0,6.221556502470714e-38,0
0,2.946199464520613e-45,0
0,1.8686628774785598e-45,0
0,1.4435860220138197e-40,0
0,7.950266508601901e-33,0
0,2.424982365425572e-34,0
0,1.1552024931943995e-58,0
0,0.7138114332027231,1
0,1.4724384363125026e-44,0
0,1.4136835874856338e-46,0
0,8.49394827694338e-36,0
0,8.567953634031373e-36,0
0,1.1717024613048027e-25,0
0,2.295933188849186e-47,0
0,2.5691944736285777e-22,0
0,1.628394504932155e-47,0
0,1.5594927128829756e-38,0
0,3.181266308826504e-20,0
0,8.182014118709349e-46,0
0,1.1484894451883988e-35,0
0,9.623315383174304e-29,0
0,2.2943019715464994e-34,0
0,6.129441158181828e-34,0
0,7.691199754068942e-42,0
0,1.9322220411641924e-38,0
0,5.565892570428901e-57,0
0,5.130348166259057e-44,0
0,4.786202939671691e-39,0
0,9.130039836788339e-09,0
0,2.0286901156960762e-42,0
0,1.0117554256627545e-52,0
0,1.9772689490351154e-14,0
0,6.420208806257162e-42,0
0,1.4906467813548759e-40,0
0,8.193683868419098e-50,0
0,7.108460782244783e-62,0
0,1.9893910355250433e-63,0
0,1.505457284540885e-57,0
0,3.2906027103699826e-48,0
0,1.4950460150126259e-34,0
0,1.2164093402087467e-10,0
0,4.095378148787447e-25,0
0,4.802096347732484e-46,0
0,3.543495086459653e-36,0
0,1.590291084382947e-34,0
0,2.3436753546923333e-40,0
0,1.382668734074283e-54,0
0,1.3516213139662221e-53,0
0,1.1625882989836274e-36,0
0,1.667925663264181e-33,0
0,5.414548541199897e-57,0
0,4.6747717088259826e-26,0
0,7.318444803285436e-63,0
0,3.104681652119627e-33,0
0,1.942262662784289e-37,0
0,1.0643726806626454e-31,0
0,5.509397410668604e-38,0
0,2.721648794950009e-44,0
0,1.4380057750227138e-49,0
0,1.1584360526295694e-39,0
0,2.250124653854452e-34,0
0,4.142768091952386e-35,0
0,1.0672458570075177e-55,0
0,1.0072126275208361e-48,0
0,2.396491958567209e-48,0
0,1.9602624617239445e-24,0
0,5.589245959511435e-42,0
0,1.8994113306371866e-29,0
0,1.5073305167956229e-24,0
0,1.5791260582961015e-35,0
0,2.1618107020147587e-39,0
0,6.024162095902967e-30,0
0,1.870626194468393e-52,0
0,5.6085011105368074e-42,0
0,4.322887300390127e-43,0
0,1.2934070466879247e-46,0
0,2.215014996985372e-41,0
0,1.763017432537617e-41,0
0,4.8369922475980326e-42,0
0,2.52466509223279e-61,0
0,1.0442264592451559e-27,0
0,2.6761985462112148e-17,0
0,2.203833467505379e-29,0
0,2.87128973958194e-34,0
0,2.8602175643586808e-30,0
0,4.6677823680991864e-17,0
0,2.662192234904756e-43,0
0,1.1258714058278828e-44,0
0,2.262963746733171e-51,0
0,2.1687107163812663e-11,0
0,1.3287266288287123e-43,0
0,3.2928372916741734e-42,0
0,1.950196733176645e-38,0
0,1.2207659081569196e-39,0
0,1.0315842736368304e-37,0
1,1.0,1
0,4.0905915291991434e-50,0
0,4.052814961579202e-09,0
0,1.0140524129898064e-24,0
0,2.5433377718223014e-29,0
0,1.864568820065689e-35,0
0,1.1718284416006332e-21,0
0,3.114043219851177e-15,0
0,5.2478628500988615e-37,0
0,1.3605890661569911e-46,0
0,2.2055360289390476e-38,0
0,6.758529865435704e-24,0
0,9.25850928443123e-57,0
0,2.7702679703691523e-30,0
0,1.4423685835798253e-32,0
0,2.0099832006155328e-29,0
0,1.929602359726425e-39,0
0,1.4594746961607607e-64,0
0,1.1493461310165433e-37,0
0,3.052741770967159e-49,0
0,9.567814764410546e-36,0
0,2.095380212202956e-40,0
0,5.873503508089266e-27,0
0,6.257690786955005e-35,0
0,7.133061741762713e-52,0
0,1.7112997784430616e-30,0
0,1.4579038483023675e-43,0
0,1.0966152551735421e-27,0
0,4.191775288330364e-26,0
0,1.4084347726400044e-34,0
0,8.758017121706107e-34,0
0,8.118875358687128e-48,0
0,0.004850533448559048,0
0,5.496710722844402e-48,0
0,3.56198091377929e-24,0
0,2.927107942224618e-49,0
0,1.2001275677786415e-37,0
0,1.8976994946593996e-50,0
0,4.0073986834348853e-28,0
0,1.4242777610449797e-49,0
0,7.814295170021438e-34,0
0,1.0006291983635078e-42,0
0,2.2027460960244816e-44,0
0,1.3984322507626525e-42,0
0,3.48184369147261e-30,0
0,9.106899464908567e-34,0
0,2.0583749668524973e-53,0
0,1.809906834498908e-46,0
0,3.240765584024741e-38,0
0,4.086041849987103e-48,0
0,1.5412366282808583e-43,0
0,6.02260360565118e-45,0
0,7.326008641290184e-22,0
0,1.3935595385226093e-25,0
0,3.518452017497509e-48,0
0,9.724855080999746e-32,0
0,3.405037000681054e-54,0
0,1.3179318765433214e-05,0
0,1.3781943446763705e-44,0
0,2.750585585569287e-31,0
0,4.0230162697625874e-48,0
0,4.2955834883538365e-25,0
0,3.872659941840875e-58,0
0,1.2295350861073813e-35,0
0,1.3174732007924852e-33,0
0,1.4662739837606402e-50,0
0,4.663450821126914e-32,0
0,7.878506459297772e-42,0
0,7.3398992867304575e-56,0
0,2.506483028584712e-32,0
0,2.1428838807934686e-41,0
0,1.9632317504302595e-36,0
0,2.961571366434652e-13,0
0,1.5648155523985274e-41,0
0,2.2759229849910153e-29,0
0,6.07939460718216e-40,0
0,9.683272004767754e-09,0
0,1.1281829102040587e-39,0
0,9.104572470141172e-30,0
0,3.7223333848489696e-33,0
0,1.5488464397931562e-44,0
0,1.704146758674937e-41,0
1,0.9934273122079298,1
0,4.620252448544749e-32,0
0,3.059554752450746e-44,0
0,2.214274973412027e-41,0
0,1.5226841612542726e-26,0
0,6.136445134086031e-45,0
0,3.0644302660205787e-48,0
0,3.744380111617065e-53,0
0,3.449079285691686e-30,0
0,1.4817535595311866e-33,0
0,4.216310891880733e-44,0
0,1.6618813265478726e-32,0
0,1.5375968274320268e-41,0
0,6.43275179587336e-35,0
0,5.01013972005907e-43,0
0,8.248789372600379e-20,0
0,2.810002958353429e-54,0
0,2.418871654943395e-44,0
0,1.0511695570080325e-34,0
0,3.526064931145771e-05,0
0,8.441092439512189e-40,0
0,1.9322049098688198e-22,0
0,1.5874096970786192e-40,0
0,4.556753517537484e-52,0
0,1.6876175124101052e-55,0
0,1.1314052421597826e-55,0
0,1.347020051555103e-35,0
0,3.237693506189196e-43,0
0,2.2599441786636426e-30,0
0,1.0499227564842664e-43,0
0,1.7279776949437828e-32,0
0,1.4313705100655581e-52,0
0,7.13416681346066e-54,0
0,1.195325087711719e-48,0
0,1.0401754497128446e-42,0
0,2.5135572070134523e-28,0
0,2.245238897984881e-40,0
0,5.5292420013418764e-30,0
0,2.623030210919065e-27,0
0,1.651826802874863e-52,0
0,2.818838206771494e-27,0
0,3.3677450632529427e-57,0
0,5.090740405824577e-49,0
0,3.2647657533712777e-23,0
0,1.4002292566973847e-28,0
0,2.1789577573741917e-28,0
0,8.83300526853744e-50,0
0,1.2870026872083004e-50,0
0,2.276203503793137e-28,0
0,1.707958263479536e-30,0
0,5.820105007696023e-27,0
0,5.021808080546748e-49,0
0,5.818240345442698e-36,0
0,2.7678087022971456e-34,0
0,2.7247245009422546e-33,0
0,7.272359411854805e-35,0
0,3.6939935592239694e-08,0
0,1.2495327995105418e-34,0
0,4.895320698716432e-64,0
0,3.0520719072990906e-46,0
0,2.7401193970141817e-52,0
0,1.0945501919583221e-32,0
0,1.750823267142891e-53,0
0,7.20949493616183e-31,0
0,9.524063851043787e-54,0
0,6.429236287334656e-30,0
0,5.351078008109983e-46,0
0,1.087819484116685e-53,0
0,1.4636198483415887e-46,0
0,4.2579468195374445e-44,0
0,1.8412059516501963e-40,0
0,6.301159953897584e-27,0
0,8.809249103545397e-22,0
0,1.0173207707214502e-47,0
0,3.012396591193502e-10,0
0,9.360876816977457e-37,0
0,2.116341232049147e-51,0
0,9.360689737495349e-35,0
0,4.1822760626749466e-36,0
0,1.8259460572925477e-32,0
0,1.3389801772190737e-27,0
0,3.114017402734487e-39,0
0,1.3954924534674298e-47,0
0,1.6038579456243622e-20,0
0,6.363812215166775e-33,0
0,4.159913180830461e-25,0
0,7.759985940236089e-12,0
0,2.6188380835920236e-26,0
0,1.3221763008858278e-25,0
0,4.625051479546819e-47,0
0,3.0848091100441116e-50,0
0,3.2531818370989495e-45,0
0,3.663715053000262e-44,0
0,5.6203359644468316e-36,0
0,1.7107470473401658e-43,0
0,2.1969288321284732e-31,0
0,6.0020159587321e-43,0
0,4.1628464802476116e-44,0
0,3.1954691481409795e-17,0
0,8.404167151078301e-50,0
0,9.498696831656263e-37,0
0,1.370509755822181e-07,0
0,1.5325569718243528e-26,0
0,1.6150602321697874e-12,0
0,3.285116984469975e-43,0
0,2.9393764593609103e-43,0
0,8.055112857553535e-37,0
0,5.257998082300849e-27,0
0,2.768456593003284e-57,0
0,9.169980240459076e-47,0
0,1.7408745158868473e-48,0
0,7.686347500372607e-57,0
0,8.189150770881416e-61,0
0,5.958622111172162e-35,0
0,4.520210390953091e-37,0
0,6.848866558056976e-43,0
0,1.0322886242486068e-47,0
0,4.297567019183078e-20,0
0,2.804973571417801e-30,0
0,1.4070568726689491e-30,0
0,6.430956386601266e-32,0
0,2.074565660473582e-37,0
0,1.774744860331849e-39,0
0,9.30782535681917e-44,0
0,2.1798426232948667e-41,0
0,2.2611410996371135e-54,0
0,1.6597740843966906e-32,0
0,6.437148527239795e-47,0
0,4.6138718970431794e-48,0
0,3.4514063530291556e-51,0
0,3.912217282213558e-40,0
0,5.210212736156138e-39,0
0,3.8493132510363423e-32,0
0,1.009713614708043e-20,0
0,3.095549563042056e-38,0
0,1.1630629188863908e-30,0
0,1.3390445732463187e-30,0
0,2.074070855462939e-35,0
0,5.548278966375995e-46,0
0,8.223326577715195e-29,0
0,4.5354716009091334e-37,0
0,4.299882884482078e-42,0
0,1.900022862102123e-30,0
0,4.3635771154395126e-33,0
0,3.2438954242352038e-40,0
0,7.140263341638558e-41,0
0,2.4536208063356165e-30,0
0,2.8903044143113697e-21,0
0,2.9761310733480573e-41,0
0,6.117071236295251e-45,0
0,2.2685564353081633e-48,0
0,1.8585986978343498e-41,0
0,3.986587892690234e-46,0
0,3.950307500687381e-48,0
0,2.976375585169819e-54,0
0,1.2149363320603454e-51,0
0,1.4222600300541022e-37,0
0,1.3811544181625537e-24,0
0,4.541901256617797e-51,0
0,4.900495004761886e-38,0
0,7.663262642704655e-35,0
0,1.318205640850322e-40,0
0,5.622597197950489e-20,0
0,5.2977472123433885e-55,0
0,1.0834032558047574e-48,0
0,5.9331613896550494e-49,0
0,5.981790591977323e-46,0
0,2.6889127724366616e-18,0
0,1.2775600982548845e-57,0
0,5.741494790896726e-07,0
0,1.7873866855745746e-33,0
0,9.639207645487833e-40,0
0,6.534609287495929e-49,0
0,4.738196323674081e-30,0
0,1.354519998286092e-55,0
0,2.0634633670684112e-22,0
0,4.542847307665527e-34,0
0,3.7527892783040645e-45,0
0,7.349038331968804e-54,0
0,2.9615816347874396e-53,0
0,3.137918528050049e-34,0
0,4.701946595999968e-16,0
0,5.936027489808077e-34,0
0,3.478064400039703e-19,0
0,6.324519247972036e-55,0
0,1.5793556383225107e-26,0
1,0.9999945995800397,1
0,4.779680195784457e-39,0
0,1.9070486979255492e-25,0
0,1.2524332842735166e-27,0
0,1.0921217991199697e-35,0
0,4.675237298263484e-52,0
0,7.749892761946576e-54,0
0,1.447006320770919e-35,0
0,1.1206070797111942e-26,0
0,1.004153593497959e-33,0
0,3.760086481868289e-36,0
0,1.0319336706795368e-30,0
0,2.827166874603008e-55,0
0,2.7264823465953367e-33,0
0,6.469990512449216e-42,0
0,2.8537156836956123e-42,0
1,0.9999999999686449,1
0,8.271357738241645e-33,0
0,1.1516158486946877e-38,0
0,1.534959609338417e-45,0
0,2.775223212547009e-27,0
0,4.031532526628802e-47,0
0,1.8580578001343592e-15,0
0,3.549413487847077e-26,0
0,1.3031325612645804e-48,0
0,2.095401552469234e-29,0
0,8.537285082213422e-37,0
0,4.838971617636824e-34,0
0,1.2657835564011315e-42,0
0,1.836506082247651e-25,0
0,1.2618893118276937e-24,0
0,2.2573808852160362e-34,0
0,7.168449900876586e-18,0
0,2.014107149235766e-24,0
0,1.4902395157127708e-23,0
0,2.3343625304512972e-30,0
0,4.449742023470216e-54,0
0,2.390643492749891e-50,0
0,3.812309129503195e-27,0
0,2.9205814118203738e-39,0
0,2.9062343616991947e-36,0
0,5.4128637664386315e-33,0
0,1.6603921566155906e-30,0
0,7.18266076432321e-51,0
0,1.609163281220552e-35,0
0,7.018602651736759e-41,0
0,1.2592065179075525e-43,0
0,3.824575327663675e-32,0
0,5.105082115316323e-38,0
0,4.2238942411980855e-34,0
0,8.959882235351882e-45,0
0,5.898492306435943e-38,0
0,4.2078892651689094e-30,0
0,1.5261416136373288e-33,0
0,2.01066619766542e-62,0
0,8.016713638220139e-51,0
0,8.119639607010021e-47,0
0,2.951380322740484e-46,0
0,2.3939319286617176e-40,0
0,1.1293100150452314e-45,0
0,1.1810521801775881e-31,0
0,3.5867375918103216e-50,0
0,4.309128741468653e-36,0
0,1.7505471061091604e-31,0
0,8.490895385238643e-38,0
0,5.362928950107633e-55,0
0,2.3962260190880047e-39,0
0,3.161353222503812e-48,0
0,1.9718271413338986e-48,0
0,5.597242020280015e-29,0
0,1.592171488946001e-51,0
0,1.250371839230127e-47,0
0,1.0824587529150203e-38,0
0,8.068859989922505e-45,0
0,4.669973988984515e-48,0
0,7.218566324964715e-45,0
0,6.186312322454966e-47,0
0,2.300221580020465e-41,0
0,4.750091913439395e-36,0
0,1.2425745646930724e-30,0
0,6.805211530975992e-49,0
0,9.246355270238926e-45,0
0,6.033105540741173e-43,0
0,5.929129819225418e-37,0
0,2.7515360166630295e-34,0
0,4.4817071292448086e-48,0
0,2.915378439900368e-43,0
0,4.838225297037937e-22,0
0,1.555400855960654e-41,0
0,2.3718796470766413e-37,0
0,1.100123507161259e-25,0
0,3.2622587165882036e-12,0
0,4.553087626168879e-57,0
0,1.4331425174278486e-30,0
0,2.945485004469641e-36,0
0,6.595820461091574e-43,0
0,2.3738423531862273e-52,0
0,4.544984715367372e-31,0
0,3.666059629385018e-44,0
0,2.4925433238245463e-47,0
0,1.0584497466399428e-48,0
0,7.79168957932986e-51,0
0,6.06657873353177e-44,0
0,1.8133118522034283e-29,0
0,1.1724743333149033e-42,0
0,2.6032654788249725e-21,0
0,3.217690157519401e-33,0
0,6.049056940611821e-57,0
0,3.664899113874306e-30,0
0,1.2820265576524475e-25,0
0,3.091907116724846e-26,0
0,7.376657973438311e-28,0
0,4.64582251294563e-30,0
0,5.947816234950811e-54,0
0,2.5296563095504e-37,0
0,9.993449658258054e-58,0
0,2.9927305343125954e-46,0
0,2.8728605278117568e-33,0
0,4.426272656276856e-47,0
0,1.7648129740694723e-42,0
0,3.241726158884454e-33,0
0,1.6856635947963649e-43,0
0,5.81605387942517e-45,0
0,5.288470354130047e-28,0
0,1.7067915467157073e-22,0
0,1.0468476244377201e-10,0
0,1.8323389457758206e-55,0
0,7.304889027490636e-33,0
0,3.6704680595604655e-41,0
0,2.50174203405329e-51,0
0,6.990219106377452e-35,0
0,3.7142293892796605e-30,0
0,1.3364916238670313e-43,0
0,5.2320688070253124e-39,0
0,1.823022938174661e-52,0
0,2.829762356755051e-52,0
0,5.965569384572299e-46,0
0,4.547498688044183e-31,0
0,1.947784900358314e-33,0
0,9.46165135571315e-33,0
0,6.615351333744731e-55,0
0,6.574604851785115e-25,0
0,2.872207370694614e-26,0
0,2.4635660557500903e-24,0
0,1.0217912341753091e-42,0
0,1.1412074799318644e-47,0
0,2.6033259100874995e-53,0
0,1.8304465496203865e-19,0
0,1.2231729075836544e-23,0
0,2.6899637245394635e-48,0
0,2.9173394291129043e-25,0
0,6.235790420615686e-48,0
0,1.1321616790841234e-30,0
0,2.5099716171799016e-13,0
0,2.157556134413577e-36,0
0,2.4629159710308933e-32,0
0,1.1025875927529824e-28,0
0,2.2502276176983927e-43,0
0,1.0263502483483856e-39,0
0,3.831242078667833e-37,0
0,5.342256946730452e-29,0
0,1.33444710480296e-48,0
0,3.226760592793742e-38,0
0,5.163817039865885e-25,0
0,1.0096853126898352e-40,0
0,3.498832038340763e-33,0
0,3.417080271737269e-39,0
0,3.2988567057885267e-19,0
0,1.671481009831875e-34,0
0,3.2144593484988437e-27,0
0,2.1503861981955784e-36,0
0,5.022685357726704e-62,0
0,8.4142763338608e-19,0
0,3.0864812461980987e-35,0
0,2.235050827884851e-54,0
0,1.4805939296900184e-24,0
0,5.078169973667559e-47,0
0,1.1504421113676265e-37,0
0,1.0875347408219366e-17,0
0,2.783911425933168e-49,0
0,1.2931849175832368e-44,0
0,4.873317973219718e-29,0
0,5.706335061442805e-13,0
0,8.626005559386514e-43,0
0,2.587041124612792e-51,0
0,4.0979671444232313e-50,0
0,4.2077184038520297e-35,0
0,4.573487215886336e-38,0
0,6.870630441197988e-47,0
0,2.1585085743388035e-35,0
0,4.273660014216827e-59,0
0,6.1191231547918624e-33,0
0,2.2524688567636742e-37,0
0,4.258314210348576e-39,0
0,5.0664590722666e-35,0
0,3.1372738276932953e-24,0
0,2.1615124254742205e-14,0
0,6.402700126391901e-17,0
0,1.0486549744827034e-41,0
0,3.8957729962063437e-50,0
0,8.081881907337242e-43,0
0,2.4990764729970137e-54,0
0,4.8406089128869655e-31,0
0,6.300857037871707e-26,0
0,3.0913175391607466e-17,0
0,4.375143061058707e-22,0
0,3.215613897908971e-25,0
0,5.32927255429233e-25,0
0,1.4775313499832584e-63,0
0,9.914010318180196e-41,0
0,1.9404733984021354e-22,0
0,1.972101495241178e-37,0
0,3.4084277035685476e-53,0
0,1.9340579273509596e-31,0
0,9.076069331874263e-26,0
0,1.8303415327808515e-43,0
0,5.436094731870747e-51,0
0,6.302852757337425e-12,0
0,3.5239630181068553e-37,0
0,3.694330643143995e-35,0
0,1.3616013393927501e-30,0
0,2.218038887386068e-21,0
0,8.876618289822671e-39,0
0,2.1837846672738695e-30,0
0,8.419482329575963e-46,0
0,5.76406150419543e-27,0
0,2.0015108864697933e-58,0
0,4.054810933909965e-32,0
0,1.3370700750930717e-32,0
0,4.037975790867449e-44,0
0,0.007734207933220416,0
0,3.776548403796417e-32,0
0,7.601965313496013e-37,0
0,1.7503457020353772e-35,0
0,1.2890185643855732e-25,0
0,1.9615674690772452e-40,0
0,5.924085984708313e-41,0
0,2.6478163335515095e-57,0
0,8.418208047723764e-44,0
0,1.7288775021278678e-43,0
0,0.00939291668396105,0
0,7.222426164912754e-44,0
0,1.2620252434640848e-51,0
0,1.1366143993607273e-31,0
0,2.9073486650451637e-30,0
0,5.3093873868145395e-44,0
0,2.0358283042511224e-33,0
0,2.3218390082494865e-31,0
0,1.484831313061403e-20,0
0,7.190661821537518e-52,0
0,2.051453943468199e-61,0
0,1.1371347173934723e-43,0
0,6.16754872027018e-19,0
0,4.4633916581682216e-18,0
0,4.2807277367761665e-48,0
0,1.0794130811712174e-45,0
0,2.701161895765756e-52,0
0,2.0154216858061237e-27,0
0,5.119942265218445e-26,0
0,5.580905185027007e-35,0
0,2.0395167270822873e-45,0
0,5.911668829443289e-34,0
0,2.6642031707136994e-35,0
0,3.569853074294652e-48,0
0,6.83705013862779e-44,0
0,1.6140485311379343e-37,0
0,1.7572244705343465e-32,0
0,5.467619121810491e-36,0
0,5.51965886486664e-42,0
0,9.10209119922284e-43,0
0,3.1283811154628044e-40,0
0,3.374534888715428e-37,0
0,7.237645815018123e-22,0
0,2.3508314398042885e-40,0
0,7.478914991736439e-14,0
0,4.91463255302192e-40,0
0,1.5395116937636174e-37,0
0,3.5863454202262385e-47,0
0,9.606429808624398e-44,0
0,5.843147944617748e-35,0
0,1.6840429992316413e-25,0
0,1.017803054812283e-62,0
0,1.4350185627899398e-55,0
0,4.012565418919477e-42,0
0,1.2575199118988636e-35,0
0,1.639926618982641e-39,0
0,2.6225753911347527e-57,0
0,1.145679922393126e-40,0
0,3.4283769135897166e-43,0
0,6.159547188419249e-52,0
0,2.485687308148258e-50,0
0,2.2328070847265147e-28,0
0,7.802085513545759e-58,0
0,1.5122931929414723e-38,0
0,3.038048646711189e-28,0
0,1.5434163555235272e-47,0
0,4.772327825864189e-55,0
0,6.825711428192111e-14,0
0,9.35169655457841e-25,0
0,5.5578836411270934e-34,0
0,2.1438838356025748e-41,0
0,4.403776933389967e-44,0
0,1.4309820607969425e-43,0
0,9.04425695354242e-14,0
0,1.1609358002401204e-42,0
0,2.3404897332031456e-43,0
0,1.966425353896531e-45,0
0,2.1594961918856914e-40,0
0,1.2108568200959505e-62,0
0,1.914169610903217e-28,0
0,1.4384681673727917e-52,0
0,6.227377029863468e-44,0
0,5.771578830396301e-43,0
0,1.565592256744524e-32,0
0,1.2152265487371997e-36,0
0,1.663626796897065e-30,0
0,4.5764356343430163e-38,0
0,2.0341566655944148e-14,0
0,4.734679037235068e-38,0
0,1.6880736028774676e-38,0
0,8.372350319793378e-51,0
0,7.57881801541586e-26,0
0,0.000329740959872836,0
0,1.6312826183410968e-47,0
0,2.6447768178483742e-48,0
0,7.985416231041922e-28,0
0,3.828528727426449e-44,0
0,7.763680132891774e-34,0
0,9.034658158435882e-17,0
0,2.353234236660243e-22,0
0,1.1264356675462916e-56,0
0,8.450019045142404e-18,0
0,6.606657316690623e-38,0
0,1.2917532723982518e-43,0
0,8.181927358606463e-34,0
0,6.246555016025015e-46,0
0,4.583642979036663e-24,0
0,7.605734518843277e-31,0
0,5.913535157059651e-35,0
0,3.349923149091338e-35,0
0,5.029141173400829e-34,0
0,2.796205296058041e-42,0
0,3.5918515863826995e-29,0
0,6.438012262386443e-47,0
0,1.9818985702949984e-56,0
0,6.08650025066145e-26,0
0,1.7802751710665842e-31,0
0,2.733430559336739e-20,0
0,2.2478297721080383e-28,0
0,8.123266932854996e-44,0
0,9.849217156316146e-44,0
0,2.9727898604490077e-31,0
0,2.571970698768472e-25,0
0,3.0950371453482346e-48,0
0,3.9250434250550324e-31,0
0,4.4399690508113397e-38,0
0,6.1002732158952665e-37,0
0,2.0493206447751907e-41,0
0,8.560864814287678e-44,0
0,6.478051926877154e-41,0
0,4.867001299441559e-31,0
0,5.939084327427232e-20,0
0,2.258884118443292e-17,0
0,1.1384710063164404e-32,0
0,1.0092397521505921e-29,0
0,4.2979731526815224e-47,0
0,1.7693620824288231e-22,0
0,8.736662511344289e-41,0
0,7.281276395336241e-24,0
0,3.5368586301626304e-39,0
0,1.5537000346234241e-55,0
0,2.5257849112427297e-47,0
0,1.1389251680593592e-47,0
0,1.1426070990808546e-13,0
0,2.2024713337119233e-45,0
0,2.037217003247512e-18,0
0,1.0799934050935458e-28,0
0,5.607589593038937e-48,0
0,6.911693472325707e-53,0
0,2.484617171068574e-26,0
0,1.5060602028344514e-40,0
0,1.1947672773335933e-35,0
0,4.57057604564471e-41,0
0,2.999400697095938e-57,0
0,2.4672532327874155e-44,0
0,2.4283084840696958e-43,0
0,2.7305983461962216e-44,0
0,2.9098514398969017e-08,0
0,1.0387682041170874e-27,0
0,7.281227588081087e-06,0
0,4.0553599044994076e-54,0
0,1.2910828008605672e-42,0
0,1.3663723890592166e-48,0
0,5.830913688114367e-43,0
0,7.78207298023767e-07,0
0,1.6915464608016886e-54,0
0,1.82226398557125e-41,0
0,1.0193528884626791e-44,0
0,1.0792982165218948e-32,0
0,1.0381115652042434e-39,0
0,6.489653185460939e-53,0
0,5.5273315350372344e-59,0
0,9.761931654789268e-44,0
0,1.579182665095915e-18,0
0,9.618869599456917e-37,0
0,6.741630753657739e-35,0
0,2.94235349860072e-51,0
0,2.530724705945396e-35,0
0,5.458677122831531e-45,0
0,5.650534048884745e-45,0
0,2.9971630140957134e-43,0
0,5.316036887700523e-34,0
0,1.0511164540208919e-46,0
0,2.279804783140956e-21,0
0,6.028905517613172e-34,0
0,1.6964756694511423e-18,0
0,1.3325654977905144e-39,0
0,1.026454491904631e-36,0
0,9.324812759093339e-56,0
0,1.1159870304362998e-52,0
0,1.5116615121326549e-37,0
0,4.915831051769373e-50,0
1,0.9999999895540298,1
0,5.913139043653732e-26,0
0,6.141203586242432e-27,0
0,8.531151408917994e-45,0
0,1.9723867049598206e-29,0
0,1.161035048492866e-10,0
0,3.326611317881053e-41,0
0,1.0965522748637932e-36,0
0,8.666686419363726e-33,0
0,8.984192220056223e-32,0
0,5.111406483724606e-42,0
0,2.485122274471587e-46,0
0,2.0849867985800658e-56,0
0,1.6229128409143539e-28,0
0,1.3113492401070749e-61,0
0,7.08789993173335e-48,0
0,4.452223011291539e-24,0
0,2.7740070709473373e-36,0
0,1.5050653003165742e-49,0
0,2.7842173470988956e-34,0
0,9.771926142791318e-52,0
0,1.5018727162529705e-36,0
0,7.493922108921135e-35,0
0,2.8006712365138286e-59,0
0,5.08102353145744e-37,0
0,6.966512271632348e-33,0
0,3.126406970516676e-31,0
0,9.33833727499746e-49,0
0,3.0728180368203843e-32,0
0,1.86392659299452e-39,0
0,1.6959667416344703e-34,0
0,4.643723299946086e-33,0
0,8.369837166793196e-56,0
0,7.9257134805638435e-22,0
0,4.1427512938493445e-38,0
0,2.686836274430484e-20,0
0,6.826566807532901e-35,0
0,1.065057730247844e-25,0
0,1.1617257453642423e-24,0
0,2.2968743086646565e-05,0
0,2.2195104850400694e-39,0
0,6.929260544962019e-48,0
0,4.011968484486672e-53,0
0,1.928712351153158e-44,0
0,2.7034191284274057e-39,0
0,4.845173625493859e-31,0
0,1.574005165605457e-41,0
0,5.041267413139824e-07,0
0,2.028378006598914e-32,0
0,3.8031062726064395e-39,0
0,1.8215434820723354e-42,0
0,4.5766062924579614e-45,0
0,3.246738254758232e-40,0
0,7.936043408101109e-44,0
0,8.958802056372734e-43,0
0,4.542619396405987e-12,0
0,8.572371725385183e-21,0
0,1.3752367639616346e-39,0
0,7.712179152358801e-35,0
0,1.00711012108842e-33,0
0,5.313345647446822e-47,0
0,3.0663033813577988e-49,0
0,8.781070347878108e-39,0
0,6.059941042794202e-32,0
0,1.0801438275996877e-49,0
0,6.206908954356925e-33,0
0,9.84022760645709e-31,0
0,1.129188692986994e-21,0
0,9.772677188970515e-44,0
0,5.596860241168141e-37,0
0,1.1035317444830307e-38,0
0,1.699605070323765e-61,0
0,5.019440603006722e-34,0
0,1.1535323962230362e-34,0
0,1.4759735965647227e-37,0
0,7.207883461842684e-21,0
0,3.979762879232365e-49,0
0,4.947674737209163e-54,0
0,4.037765331557947e-52,0
0,3.4604953284946748e-43,0
0,1.7540130337016926e-22,0
0,1.166921963377294e-42,0
0,4.3182992860872186e-49,0
0,2.970507948832244e-21,0
0,3.7108905226709394e-44,0
0,7.621650354705318e-43,0
0,1.7393207534801483e-38,0
0,6.668225926951491e-23,0
0,1.5735344666236905e-53,0
0,1.7005519791044157e-42,0
0,1.5300739891581882e-49,0
0,4.737546870711318e-36,0
0,6.237282621987952e-63,0
0,3.524669943826963e-42,0
0,2.8605058645463126e-22,0
0,1.4539723685514568e-23,0
0,8.54784172009245e-43,0
0,6.04005757857323e-42,0
0,1.7252068488248037e-45,0
0,4.00886810605909e-20,0
0,2.8947197973314455e-64,0
0,2.868957208578418e-37,0
0,1.7266558507342353e-12,0
0,1.8072793824214396e-50,0
0,2.1286944381256363e-35,0
0,1.746543707836526e-36,0
0,4.951614394745095e-27,0
0,3.4035695527731603e-47,0
0,2.995016150355756e-39,0
0,2.9002681382415233e-46,0
0,4.847353584944016e-47,0
0,6.615962418720755e-46,0
0,7.326540167494202e-46,0
0,3.165303417550747e-44,0
0,2.2145909521924022e-10,0
0,1.686470535522336e-17,0
0,6.24313938928212e-54,0
0,2.0201501998971588e-32,0
0,1.0076056420393674e-37,0
0,2.0149235628817144e-41,0
0,0.015131587662108106,0
0,1.1768783455409079e-32,0
0,1.3474067588050348e-53,0
0,4.612199880258005e-36,0
0,7.810934191439881e-46,0
0,1.206849229319679e-38,0
0,8.627672072205013e-43,0
0,2.798491731343742e-57,0
0,2.684598580513856e-58,0
0,4.914468611765023e-37,0
0,3.144721869788989e-16,0
0,1.361610857468313e-42,0
0,1.8872551908236927e-22,0
0,4.723375826712002e-40,0
0,1.7968255805137607e-27,0
0,1.3441470592830533e-27,0
0,1.1821113630962344e-35,0
0,5.108848543341246e-41,0
0,9.422400716228068e-38,0
0,6.0194748666448835e-40,0
1,0.9998115959251108,1
0,8.500851185621616e-48,0
0,7.057003326774406e-32,0
0,3.5176460177454816e-63,0
0,2.7883353972804186e-49,0
0,9.178079445835348e-49,0
0,3.772788841734889e-39,0
0,6.376530916998342e-41,0
0,3.386861499790679e-45,0
0,7.03850976460511e-24,0
0,2.530106226794736e-46,0
0,2.4089143795964583e-53,0
0,2.5131135048586405e-32,0
0,4.301127607168116e-39,0
0,3.3940117072386015e-53,0
0,2.1401232967002684e-59,0
0,4.45921380013691e-45,0
0,3.778953166000353e-28,0
0,8.717164933005986e-51,0
0,1.7324064595075871e-25,0
0,2.879497602885916e-42,0
0,5.162256665467149e-33,0
0,8.354467704004134e-49,0
0,2.976037237787401e-26,0
0,4.949792849017141e-34,0
0,1.110119639756153e-59,0
0,5.341966535453504e-45,0
0,4.7097694431371956e-51,0
0,1.0166987777669607e-42,0
0,3.0791942314669826e-07,0
0,1.4297306885872367e-28,0
0,1.9707935626484334e-34,0
0,3.045319159022823e-49,0
0,7.900851273321057e-47,0
0,1.5005158777953098e-57,0
0,3.017615577444023e-16,0
0,2.7241611008155557e-58,0
0,2.2850390739615984e-30,0
0,2.9875670688575995e-10,0
0,1.9036660208663492e-35,0
0,3.311954122655231e-52,0
0,8.600769587678663e-47,0
0,1.7005386711628943e-42,0
0,7.200036173696186e-16,0
0,6.655148605446717e-23,0
0,2.6148182518916445e-40,0
0,3.645022889911156e-30,0
0,5.295434092826684e-24,0
0,2.6135200635171338e-46,0
0,2.045311345886993e-44,0
0,4.111414239038502e-30,0
0,2.4041104891340367e-24,0
0,9.880039518206876e-37,0
0,1.0066070961176822e-57,0
0,3.8942705125444885e-30,0
0,1.7291553415109397e-54,0
0,3.6993474313336354e-26,0
0,3.046745906905255e-39,0
0,1.942566541883869e-39,0
0,9.839742253336033e-44,0
0,9.664296502334337e-45,0
0,7.469539019274664e-43,0
0,2.3602207658528777e-45,0
0,7.293735452211002e-43,0
0,2.936728862886876e-49,0
0,6.6332729310845865e-62,0
0,6.549267919502346e-30,0
0,6.4532969931562e-41,0
0,1.3558185053072107e-24,0
0,3.6874708249864078e-25,0
0,3.0444036054031525e-46,0
0,1.3730738475448822e-51,0
0,1.7345752266173885e-39,0
0,1.2280324495871004e-26,0
0,9.017911377053659e-20,0
0,1.0179995025777196e-21,0
0,4.3647570450605693e-35,0
0,4.165678100379105e-52,0
0,1.303671558459209e-54,0
0,1.4537041772689912e-44,0
0,2.201104831865468e-44,0
0,1.0372536266405439e-50,0
0,1.94374558435059e-34,0
0,7.535523084348863e-59,0
0,8.613597383879966e-30,0
0,1.747977709645008e-49,0
0,8.683013970945956e-33,0
0,9.82893704917378e-39,0
0,7.445722896124994e-17,0
0,1.8589778732860686e-49,0
0,5.0018542065933724e-11,0
0,1.1998677664429434e-37,0
0,2.2362675155741453e-11,0
0,7.645087942329537e-36,0
0,9.985843567860155e-47,0
0,6.518921105439926e-45,0
0,1.3700629697803426e-38,0
0,1.3475240548051774e-38,0
0,9.108697186569937e-51,0
0,5.594291194221332e-24,0
0,1.6038931159132293e-36,0
0,0.628633708372966,1
0,2.2040003553123974e-31,0
0,9.888691758286473e-31,0
0,5.967570382799575e-11,0
0,5.291444556412491e-33,0
0,0.8393427645615678,1
0,3.492514065801993e-34,0
0,6.642792912354811e-47,0
0,5.0242987779950584e-48,0
0,4.500405934508263e-22,0
0,3.629409839087108e-36,0
0,2.4215277734142625e-20,0
0,5.2267695639355746e-51,0
0,6.067421079770354e-48,0
0,1.1595043979918568e-20,0
0,2.2737687496770155e-48,0
0,9.06260584476856e-24,0
0,2.810046447082688e-48,0
0,2.7079247169613813e-23,0
0,7.795148254762345e-24,0
0,9.678786248898455e-28,0
0,6.024852085783066e-36,0
0,5.927412815585815e-51,0
0,8.451059942987967e-46,0
0,2.4913269236882006e-19,0
0,7.92740904861712e-36,0
0,2.322110175806098e-52,0
0,6.589273635234554e-30,0
0,8.675730235191929e-48,0
0,2.7418086428337703e-54,0
0,7.999342557111483e-28,0
0,1.8496266794994226e-37,0
0,3.2907434757871575e-39,0
0,3.9457580158736875e-26,0
0,7.58983020374769e-34,0
0,1.7803873918765283e-11,0
0,5.014453461670864e-28,0
0,6.98343924849718e-35,0
0,2.4970752062520953e-22,0
0,3.180062282617117e-44,0
0,4.153427934190087e-36,0
0,9.185545845694955e-20,0
0,4.592828377238858e-43,0
0,6.961871221689832e-32,0
0,1.3429679960440116e-41,0
0,3.382750228263256e-53,0
0,2.5402670577946595e-43,0
0,3.758931751749672e-36,0
0,4.7022537448544836e-45,0
0,6.098155680551318e-37,0
0,1.6925359020178356e-52,0
0,8.929071708915165e-36,0
0,0.0023746489067328707,0
0,3.366526245805588e-29,0
0,8.35239472751281e-35,0
0,2.2833742668535075e-57,0
0,3.5863501870038007e-25,0
0,4.003625501214565e-58,0
0,1.820309669836696e-47,0
0,2.702619545142107e-30,0
0,3.608555489831246e-34,0
0,6.361608126870112e-48,0
0,1.2862449170233326e-38,0
0,6.428656887432552e-39,0
0,3.4017014505235036e-31,0
0,1.2888897692188883e-22,0
0,1.5562228470281868e-22,0
0,2.291684689588104e-37,0
0,1.791486124459674e-20,0
0,2.9840764511468006e-38,0
0,3.959761514653942e-57,0
0,3.373424195789743e-31,0
0,5.855384922413034e-44,0
0,5.173862806505809e-22,0
0,5.135199215636136e-27,0
0,2.2688444534552408e-30,0
0,8.69153310591437e-59,0
0,1.1182629362134907e-61,0
0,3.073976592134145e-41,0
0,1.3599918729006644e-56,0
0,2.9061272616325927e-33,0
0,1.0686656066886992e-42,0
0,6.095761451930477e-25,0
0,2.214579056505718e-59,0
0,2.507134090817335e-41,0
0,3.234274766715197e-33,0
0,7.1839300316298495e-12,0
0,9.658295519545724e-31,0
0,4.165010585144847e-35,0
0,5.924329158921851e-23,0
0,2.960124432886392e-43,0
0,1.721034342410569e-32,0
0,6.515481138208152e-13,0
0,1.5970781802242666e-47,0
0,3.379301614267215e-10,0
0,1.503714157356221e-40,0
0,4.4406682766489197e-38,0
0,1.6391269294383479e-43,0
0,1.653017188175088e-54,0
0,1.2701332390205695e-40,0
0,1.6380892341798224e-47,0
0,5.327925119632945e-37,0
0,3.901933728423558e-29,0
0,3.3876077518248276e-43,0
0,1.831920571648387e-41,0
0,3.017599961978965e-54,0
0,8.452914235580394e-36,0
0,1.6410074892657687e-46,0
0,2.287254931606959e-45,0
0,6.040333833174854e-44,0
0,1.5404821601101896e-42,0
0,9.189886575693493e-32,0
0,1.45565042774359e-38,0
0,9.132743030901573e-46,0
0,7.24103247496358e-34,0
0,1.1141626348143206e-53,0
0,5.486972442912869e-40,0
0,2.3598851208552904e-48,0
0,1.7068618959029995e-31,0
0,1.0079989228579706e-50,0
0,8.73691791179235e-29,0
0,4.739691341705933e-41,0
0,1.0778570243621983e-42,0
0,1.5344885263817344e-24,0
0,8.144743947996423e-57,0
0,4.03996806961066e-55,0
0,1.2645064444960953e-24,0
0,2.173970967304146e-26,0
0,1.2743337398273034e-25,0
0,7.954483732638851e-36,0
0,3.2599540914900714e-43,0
0,2.4659012187424562e-34,0
0,4.559362349654755e-21,0
0,1.956238022898697e-43,0
0,1.9862364092738424e-36,0
0,2.2170566326932318e-42,0
0,2.498483096644356e-28,0
0,9.468714428856464e-29,0
0,3.008406568292942e-23,0
0,3.4794704534983563e-28,0
0,8.047395946598285e-39,0
0,3.420834070139003e-39,0
0,2.2454530136953843e-26,0
0,7.237183311839257e-44,0
0,6.670043932042383e-30,0
0,9.075552133715598e-29,0
0,8.805468384341692e-10,0
0,2.973302540676274e-42,0
0,2.167388732559381e-20,0
0,1.0845564285131493e-27,0
0,8.826406573340748e-20,0
0,1.010291934207016e-32,0
0,3.7546715575126762e-37,0
0,8.417521392916618e-54,0
0,1.9030642074416234e-53,0
0,3.942789885793505e-34,0
0,2.885475024661293e-44,0
0,9.424309115100146e-58,0
0,8.880983282433467e-40,0
0,6.696680128251422e-32,0
0,1.9680355372052217e-17,0
0,8.531600588569247e-34,0
0,4.217168523424983e-31,0
0,1.2961676644346483e-53,0
0,1.4831524090681718e-33,0
0,1.7377067528334384e-32,0
0,1.1990958093455698e-40,0
0,4.434544149647267e-36,0
0,1.3837990777105784e-37,0
0,1.4583688406559406e-54,0
0,7.312581068149635e-29,0
0,1.2385838556829899e-55,0
0,5.721768204692073e-50,0
0,8.154660484541079e-32,0
0,1.7789258958238357e-34,0
0,5.158537660170208e-25,0
0,1.2174583441652352e-53,0
0,1.7803054114898804e-41,0
0,3.2834753297185443e-21,0
0,1.0972900202512133e-54,0
0,3.3690993040746177e-35,0
0,6.05624041529151e-40,0
0,2.093474851353276e-16,0
0,7.92845882462418e-40,0
0,1.2388755398524354e-42,0
0,5.599857705046615e-37,0
0,3.6530510403226825e-28,0
0,2.1411078042101574e-48,0
0,2.0098642531048665e-44,0
0,5.814765177373794e-39,0
0,8.978999279432359e-63,0
0,8.521137789630056e-44,0
0,1.002990517514861e-34,0
0,8.529119259381894e-40,0
0,2.8800199787033406e-34,0
0,2.0664190791438828e-16,0
0,2.3614353272687285e-43,0
0,1.6924790093734522e-38,0
0,1.2612309796998949e-61,0
0,1.4690523836397053e-30,0
0,1.0030804449693078e-62,0
0,4.0245425796983585e-47,0
0,8.286834257398983e-42,0
0,2.4099430336998086e-29,0
0,6.6232211932116356e-43,0
0,4.2610410952677024e-39,0
0,1.2236699745191718e-42,0
0,5.616840448811597e-46,0
0,3.4184765503128622e-16,0
0,3.457410824609208e-30,0
0,6.344465057383516e-33,0
0,3.714890116111991e-43,0
0,5.9286480629568484e-27,0
0,4.767333172742905e-44,0
0,5.622651002377448e-51,0
0,1.0518802060732527e-50,0
0,1.1427692538335253e-27,0
0,8.170714886992293e-34,0
0,6.5849867239959655e-37,0
1,0.9998511142829917,1
0,3.500772268976785e-37,0
0,7.066465873096607e-58,0
0,5.387904144031949e-25,0
0,1.4905806599347425e-30,0
0,3.471333188254675e-17,0
0,7.520166341852917e-38,0
0,8.02100236594282e-56,0
0,1.6419200674661087e-46,0
0,2.6191505083635667e-46,0
0,4.11306164129687e-52,0
0,2.6204049069460148e-27,0
0,3.2983047058132193e-39,0
0,2.8584911893652837e-21,0
0,5.347774907493611e-23,0
0,1.714373789765913e-52,0
0,1.2676286176047303e-29,0
0,1.4906898310744811e-33,0
0,2.6175649400535743e-46,0
0,3.0614705875895044e-44,0
0,2.8618183359509755e-34,0
0,7.886423618206008e-61,0
0,8.157239631346038e-42,0
0,6.46032230057969e-41,0
0,3.4776369690862404e-25,0
0,5.758293285057218e-30,0
0,2.8963024547643004e-40,0
0,1.5403143884402394e-55,0
0,3.584598251480145e-20,0
0,2.0447587847528152e-20,0
0,4.85230348516632e-38,0
0,1.848847415779919e-52,0
0,4.236106251789598e-50,0
0,6.517753461493216e-45,0
0,5.175801119146429e-05,0
0,3.2282237238298424e-36,0
0,2.1308508940715085e-38,0
0,1.735382018699453e-45,0
0,4.165124192356424e-26,0
0,2.9462743937467294e-52,0
0,1.0704762772939023e-37,0
0,1.6261570715837524e-46,0
0,3.4696692941369897e-38,0
0,9.544081395219717e-31,0
0,1.5073238012592782e-18,0
0,3.2604131212121973e-55,0
0,3.4426958949380747e-44,0
0,4.149606326687593e-47,0
0,6.278987933173822e-44,0
0,1.264251102575145e-48,0
0,1.546448913850229e-38,0
0,4.6305806293766374e-39,0
0,1.2727609398069939e-58,0
0,1.2919443252275523e-52,0
0,4.109062944371642e-36,0
0,1.8250777867934372e-51,0
0,3.223273375200307e-43,0
0,2.7629121428570553e-40,0
0,7.656947013865776e-51,0
0,1.3902956320190205e-38,0
0,1.3308641681249536e-41,0
0,6.310489449385458e-21,0
0,2.852951709681336e-58,0
0,6.427423500128042e-43,0
0,4.642763879656064e-22,0
0,1.1003914728549955e-46,0
0,1.1845111205476443e-34,0
0,7.547138820722842e-32,0
0,0.004986860056959499,0
0,8.234582329340899e-48,0
0,1.0985425241937275e-54,0
0,3.53395638380548e-50,0
0,4.2652204157252214e-47,0
0,1.9654473382150623e-30,0
0,1.9122939766181188e-42,0
0,1.531323661940607e-53,0
0,6.57957028732639e-45,0
0,5.541811096298953e-57,0
0,1.0293767019168069e-18,0
0,1.6199508106358613e-49,0
0,3.5873053568681653e-22,0
0,9.47898132405171e-57,0
0,1.054687445535388e-32,0
0,4.434321759823082e-45,0
0,3.0355927672179107e-52,0
0,3.156873311368521e-56,0
0,4.4223599326246526e-49,0
0,2.974291155656718e-33,0
0,3.6395838787972504e-63,0
0,5.210097160283085e-57,0
0,1.57185879127005e-23,0
0,2.2037032185808987e-53,0
0,2.2711562595580255e-23,0
0,1.8520017038063185e-57,0
0,1.7770628996055443e-46,0
0,2.693096768616024e-36,0
0,5.838750678608487e-26,0
0,1.5827601277872135e-19,0
0,5.9113997195941954e-24,0
0,1.9121327706052054e-34,0
0,1.5338936479844028e-32,0
0,5.732567670006927e-34,0
0,5.1812929177706985e-43,0
0,7.968109993422456e-29,0
0,4.433783120330521e-10,0
0,6.404587044945671e-53,0
0,3.1996347679458704e-43,0
0,2.2834603700121626e-30,0
0,1.5382209657232343e-45,0
0,9.983034263324269e-44,0
0,3.759293610712802e-29,0
0,6.194766965831879e-42,0
0,1.0061099865171165e-38,0
0,8.831943898582283e-60,0
0,4.811884372317813e-43,0
0,7.989593654832927e-36,0
0,5.03854949286588e-34,0
0,3.1198995206763287e-44,0
0,2.5497485767642788e-21,0
0,6.062936308691434e-34,0
0,4.867670003900597e-34,0
0,3.0115639459977215e-30,0
0,1.6591461371549535e-35,0
0,1.528327022183654e-42,0
0,6.9337402877933e-39,0
0,3.372391435184665e-52,0
0,2.5991144934484713e-49,0
0,1.683842503593618e-16,0
0,3.186061675692455e-21,0
0,3.179661166060229e-39,0
0,1.1125685150050572e-26,0
0,1.246932266397717e-30,0
0,2.547311645777509e-41,0
0,7.599691599137187e-58,0
0,3.2203454533764963e-53,0
0,1.2954015268482374e-48,0
0,4.107797532748696e-15,0
0,6.527484072784117e-51,0
0,7.545061544893685e-44,0
0,5.156720196670657e-39,0
0,2.064416095063812e-32,0
0,1.3608602603863465e-35,0
0,1.1661026006971024e-48,0
0,3.5361107102352586e-26,0
0,1.358713460056574e-37,0
0,1.0730373919424151e-37,0
0,3.6535098630989687e-29,0
0,1.6806130919676675e-47,0
0,2.1286866947431087e-35,0
0,3.542898834957924e-48,0
0,1.076397576916945e-29,0
0,2.120921725433977e-34,0
0,5.24658309822048e-38,0
0,8.027912991250248e-40,0
0,2.0198800233623522e-46,0
0,1.1969345510421835e-38,0
0,2.3408541353228093e-29,0
0,4.0987666982882985e-08,0
0,3.638448021461895e-25,0
0,2.6491006555012054e-36,0
0,4.2826603379442934e-27,0
0,6.92547334634621e-14,0
0,5.6075433071846806e-33,0
0,1.1883871003819146e-37,0
0,5.0243105584542584e-36,0
0,4.3572864044287384e-33,0
0,4.2159246102814473e-29,0
0,1.3321026505856655e-38,0
0,3.632355100340215e-30,0
0,4.525548362697621e-33,0
0,2.083077686258118e-34,0
0,1.4047510202379906e-42,0
0,7.885746102425268e-25,0
0,8.078822929101048e-20,0
0,2.9607312550938576e-38,0
0,3.123721316788764e-42,0
0,9.19955696840212e-40,0
0,3.2859479793448432e-18,0
0,9.15891920024036e-48,0
0,2.3049406379720114e-29,0
0,3.7746927621258153e-22,0
0,7.811285925313151e-39,0
0,4.429493895245782e-28,0
0,4.5095445462510296e-39,0
0,1.1946055027425966e-09,0
0,3.3402491801593518e-34,0
0,1.6155703548292218e-52,0
0,9.908192210527836e-43,0
0,5.105350958217458e-21,0
0,1.1524092692612544e-16,0
0,1.9906357065155046e-47,0
0,4.167487439179357e-38,0
0,6.7633172398865414e-43,0
0,4.9393026498535825e-39,0
0,2.2065436645630097e-37,0
0,7.336842712510033e-46,0
0,6.1364166512849845e-30,0
0,9.364710814634133e-51,0
0,8.235746889076707e-39,0
0,4.141981075054156e-42,0
0,8.121614648011417e-34,0
0,1.3380736967863307e-62,0
0,9.6005180114081e-29,0
0,2.8932735566712556e-41,0
0,1.5430249296231777e-43,0
0,1.0710882063066827e-50,0
0,1.9699938019762803e-57,0
0,3.571800995418569e-52,0
0,1.1589912632940039e-39,0
0,2.047232288558052e-36,0
0,3.6575535663826704e-31,0
0,4.160721923479479e-31,0
0,4.000322598512037e-35,0
0,1.6447668396265882e-51,0
0,1.3441973994796516e-48,0
0,6.969063910889744e-16,0
0,7.021494552872888e-47,0
0,1.6012021974856347e-54,0
0,1.919693185433089e-31,0
0,3.958461170836586e-44,0
0,5.941293896682912e-42,0
0,1.2713449238574308e-41,0
0,2.792182382111118e-47,0
0,1.4542545268716892e-45,0
0,4.886961517032409e-40,0
0,2.040695745142343e-18,0
0,1.2334603405928546e-47,0
0,2.93714524036281e-47,0
0,3.709931505605772e-38,0
0,4.309271873206926e-53,0
0,4.96949674585683e-41,0
0,9.148497402170888e-33,0
0,1.0289261949499903e-37,0
0,2.155667688065226e-35,0
0,3.3257045050137817e-31,0
0,1.1976248926743593e-31,0
0,2.5457944936429318e-21,0
0,3.027124016541277e-51,0
0,1.7360821532883533e-47,0
0,1.0347766283088946e-41,0
0,5.375712123187055e-43,0
0,1.1783665470801217e-63,0
0,3.108185090726466e-26,0
0,6.024418319462904e-52,0
0,1.308616769056282e-42,0
0,1.2328443803911263e-52,0
0,3.3760920365519283e-07,0
0,1.3633138325878843e-51,0
0,4.202212364802696e-48,0
0,4.5820644276898306e-33,0
0,8.89124424268684e-48,0
0,2.1072823576818546e-38,0
0,2.0005794186106023e-45,0
0,4.9146723065230275e-40,0
1,0.9999634362067467,1
0,7.887494849173366e-39,0
0,1.5174629964177762e-45,0
0,1.843048200327551e-51,0
0,5.620196080415051e-56,0
0,1.2325854660030312e-39,0
0,2.617270064367645e-46,0
0,1.730713145654543e-45,0
0,9.830817910420437e-41,0
0,7.978066446353303e-33,0
0,4.982269623039355e-35,0
0,3.354030241746507e-48,0
0,3.691602719459719e-14,0
0,1.1611130898181007e-30,0
0,4.294318901688408e-47,0
0,4.238806312766565e-44,0
0,3.924559955406104e-31,0
0,3.626702609252411e-40,0
0,5.883709579007526e-25,0
0,3.201141450458938e-37,0
0,4.078523975768563e-46,0
0,5.263244573681492e-47,0
0,3.2858968414082553e-40,0
0,4.5566859715140375e-35,0
0,3.508035379718902e-09,0
0,2.7429927791624227e-48,0
0,3.509490332236393e-37,0
0,4.87387220897345e-35,0
0,3.4295432458411853e-53,0
0,1.285506308153972e-24,0
0,3.6286319545093516e-25,0
0,2.405116027564893e-52,0
0,7.913566175750758e-21,0
0,1.8609100150561156e-40,0
0,3.46991970017307e-37,0
0,2.0663226302275017e-36,0
0,5.734743313188687e-40,0
0,8.493594366745111e-39,0
0,3.417511673072351e-30,0
0,3.558221734647276e-08,0
0,1.6064886511142721e-32,0
0,1.1392163719040514e-26,0
0,2.2876209408397559e-38,0
0,3.8253317128775196e-18,0
